bus_i,type,Pd,Qd,Gs,Bs,area,Vm,Va,baseKV,zone,Vmax,Vmin
1,1,166.1,53.68,0,4.69,0,1.0167,-21.762,220,5,1.1,0.9
2,1,188.55,25.74,0,2.1,0,1.0265,-7.0074,220,5,1.1,0.9
3,1,147.4,27.17,0,12.44,0,1.0385,-24.282,220,5,1.1,0.9
4,1,177.32,43.23,0,30.71,0,1.0362,-21.959,220,5,1.1,0.9
5,1,0,0,0,0.85,0,1.0351,-18.483,220,5,1.1,0.9
6,1,184.03,60.28,0,110.54,0,1.0323,-3.3184,380,5,1.1,0.9
7,1,168.19,54.34,0,27.65,0,0.99441,-13.816,380,5,1.1,0.9
8,1,0,0,0,7.27,0,1.0458,-22.181,220,5,1.1,0.9
9,1,53.515,17.71,0,7.14,0,1.0634,-9.07,220,5,1.1,0.9
10,1,0,0,0,2.31,0,0.9837,-21.159,380,5,1.1,0.9
11,1,131.12,22.77,0,3.31,0,1.0368,-23.632,220,5,1.1,0.9
12,1,399.58,126.93,0,3.95,0,1.0422,-27.546,220,5,1.1,0.9
13,1,-9.24,31.526,0,3.49,0,1.0304,-15.689,220,5,1.1,0.9
14,1,0,0,0,6.5327,0,1.0307,-14.243,380,5,1.1,0.9
15,1,0,0,0,4.21,0,1.0668,-19.784,220,5,1.1,0.9
16,1,774.98,-38.863,0,13.103,0,1.0203,-11.43,380,5,1.1,0.9
17,2,0,0,0,0,0,1.0815,8.3307,220,5,1.1,0.9
18,1,26.103,13.97,0,0.52,0,1.0205,-16.063,220,5,1.1,0.9
19,1,42.174,6.16,0,7.64,0,1.0391,-8.9036,220,5,1.1,0.9
20,1,35.574,13.2,0,6.1,0,1.0416,-7.9913,220,5,1.1,0.9
21,2,0,0,0,0,0,1.0628,2.5318,220,5,1.1,0.9
22,1,162.54,36.003,0,8.34,0,1.047,-10.672,220,5,1.1,0.9
23,1,110.88,14.52,0,5.24,0,1.0696,-25.153,220,5,1.1,0.9
24,1,407.55,-18.7,0,9.91,0,1.0748,-27.943,220,5,1.1,0.9
25,1,0,0,0,2.42,0,1.0428,-11.949,220,5,1.1,0.9
26,1,40.524,15.29,0,3.3,0,1.0188,-19.55,220,5,1.1,0.9
27,1,80.454,23.705,0,8.52,0,1.0563,-8.7911,220,5,1.1,0.9
28,1,0,0,0,12.48,0,1.0748,-26.32,220,5,1.1,0.9
29,1,43.714,12.98,0,1.44,0,1.0167,-16.307,220,5,1.1,0.9
30,1,354.18,92.84,0,1.34,0,1.0266,-13.458,220,5,1.1,0.9
31,1,171.16,60.17,0,2.21,0,1.0394,-24.59,220,5,1.1,0.9
32,1,115.72,0.11,0,7.36,0,1.0428,-2.6036,220,5,1.1,0.9
33,1,76.813,16.632,0,2.23,0,1.0459,-13.115,220,5,1.1,0.9
34,2,0,0,0,0,0,0.98468,-21.808,380,5,1.1,0.9
35,1,0,0,0,1.15,0,1.0638,-20.174,220,5,1.1,0.9
36,1,131.56,32.56,0,5.34,0,1.0357,-11.194,220,5,1.1,0.9
37,1,30.063,13.09,0,1.17,0,1.0352,-12.095,220,5,1.1,0.9
38,1,15.202,1.54,0,0.7,0,1.0475,-14.765,220,5,1.1,0.9
39,1,113.3,13.2,0,0.63,0,1.0672,-32.435,220,5,1.1,0.9
40,1,0,0,0,4.76,0,1.03,-18.824,220,5,1.1,0.9
41,1,179.41,50.93,0,10.6,0,1.0055,-16.021,220,5,1.1,0.9
42,1,576.95,47.3,0,6.85,0,1.0146,-42.138,220,5,1.1,0.9
43,2,0,0,0,0,0,1.0482,-6.1625,220,5,1.1,0.9
44,1,217.25,53.13,0,0.71,0,1.0407,-21.298,220,5,1.1,0.9
45,1,121.44,28.82,0,5.62,0,1.0432,-24.295,220,5,1.1,0.9
46,2,0,0,0,0,0,1.0554,0.26295,380,5,1.1,0.9
47,1,71.687,-56.65,0,4.85,0,1.0716,-23.599,220,5,1.1,0.9
48,1,62.15,39.919,0,3.08,0,1.0265,-14.262,220,5,1.1,0.9
49,1,142.01,8.14,0,0.04,0,1.0398,-11.55,220,5,1.1,0.9
50,1,187.98,55.418,0,6.44,0,1.0416,-26.44,220,5,1.1,0.9
51,2,0,0,0,0,0,1.0501,-6.6065,220,5,1.1,0.9
52,1,77.748,14.85,0,6.96,0,1.0458,-6.7286,220,5,1.1,0.9
53,1,135.41,7.15,0,3.25,0,1.0405,-18.395,220,5,1.1,0.9
54,1,0,0,0,68.518,0,1.0478,2.4036,380,5,1.1,0.9
55,1,0,0,0,2.45,0,1.0363,-12.201,220,5,1.1,0.9
56,1,0,0,0,29.42,0,1.0217,-8.49,380,5,1.1,0.9
57,2,0,0,0,0,0,1.0189,-7.857,380,5,1.1,0.9
58,1,301.75,6.226,0,13.24,0,1.0459,-30.596,220,5,1.1,0.9
59,1,22.572,4.4,0,2.77,0,1.0365,-23.014,220,5,1.1,0.9
60,1,158.84,39.05,0,7.66,0,1.0404,-15.042,220,5,1.1,0.9
61,1,0,0,0,1.96,0,1.0436,-6.6755,220,5,1.1,0.9
62,1,0,0,0,0.4,0,1.0633,-9.0787,380,5,1.1,0.9
63,1,63.206,18.81,0,1.61,0,1.0385,-7.4434,220,5,1.1,0.9
64,2,0,0,0,0,0,1.0756,-33.454,220,5,1.1,0.9
65,1,130.35,22.44,0,2.57,0,1.0482,-27.109,220,5,1.1,0.9
66,1,0,0,0,5.15,0,1.0745,-10.96,220,5,1.1,0.9
67,1,0,0,0,1.97,0,1.0241,-20.793,220,5,1.1,0.9
68,1,18.172,9.9,0,1.17,0,1.0369,-22.763,220,5,1.1,0.9
69,1,0,0,0,0.32,0,1.0555,-11.022,220,5,1.1,0.9
70,2,0,0,0,0,0,1.0698,-47.078,220,5,1.1,0.9
71,1,0,0,0,0.67,0,1.0444,-11.164,220,5,1.1,0.9
72,2,0,0,0,0,0,1.0454,-15.569,220,5,1.1,0.9
73,1,74.327,18.7,0,5.75,0,1.0367,-8.8697,220,5,1.1,0.9
74,1,154.66,46.86,0,5.71,0,1.0407,-14.418,220,5,1.1,0.9
75,1,36.564,4.84,0,24.54,0,0.99694,-12.936,380,5,1.1,0.9
76,1,165.99,11.44,0,4.77,0,1.0718,-32.668,220,5,1.1,0.9
77,1,0,0,0,5.67,0,1.0253,-14.78,220,5,1.1,0.9
78,2,0,0,0,0,0,1.0639,-10.607,220,5,1.1,0.9
79,2,0,0,0,0,0,1.0487,-12.997,220,5,1.1,0.9
80,1,80.168,15.84,0,2.96,0,1.0467,-25.252,220,5,1.1,0.9
81,2,0,0,0,0,0,1.0514,-30,220,5,1.1,0.9
82,1,49.852,20.35,0,0.74,0,1.0352,-13.957,220,5,1.1,0.9
83,1,284.24,73.37,0,5.87,0,1.0338,-17.442,220,5,1.1,0.9
84,1,0,0,0,0.6,0,1.04,2.4145,380,5,1.1,0.9
85,1,-6.171,-3.069,0,150.93,0,1.0308,-5.4139,380,5,1.1,0.9
86,1,255.31,98.78,0,0.09,0,0.98638,-18.624,220,5,1.1,0.9
87,2,0,0,0,0,0,1.0691,-10.045,220,5,1.1,0.9
88,1,0,0,0,5.6,0,1.0574,-4.0686,220,5,1.1,0.9
89,1,92.389,23.32,0,5.36,0,1.0545,-25.62,220,5,1.1,0.9
90,1,148.62,45.1,0,5.31,0,1.0311,-24.885,220,5,1.1,0.9
91,1,0,0,0,23.554,0,0.98182,-26.763,380,5,1.1,0.9
92,1,440.33,208.89,0,0.53,0,1.0481,-4.9334,220,5,1.1,0.9
93,1,0,0,0,2.83,0,1.0576,-4.0701,220,5,1.1,0.9
94,1,76.538,17.6,0,3.03,0,1.0739,-26.381,220,5,1.1,0.9
95,2,0,0,0,0,0,1.0579,-28.951,220,5,1.1,0.9
96,1,0,0,0,18.63,0,1.0411,-24.445,220,5,1.1,0.9
97,2,0,0,0,0,0,1.0176,-13.766,380,5,1.1,0.9
98,1,0,0,0,7.85,0,1.048,-19.849,220,5,1.1,0.9
99,1,167.83,44,0,6.12,0,1.0241,-10.886,220,5,1.1,0.9
100,1,378.29,156.09,0,5.55,0,1.0344,-14.168,220,5,1.1,0.9
101,2,0,0,0,0,0,1.0264,-13.331,220,5,1.1,0.9
102,2,0,0,0,0,0,1.0494,-6.681,220,5,1.1,0.9
103,1,0,0,0,6.63,0,1.0517,-5.9546,220,5,1.1,0.9
104,2,0,0,0,0,0,1.0355,-15.484,220,5,1.1,0.9
105,1,55.616,19.8,0,0.11,0,1.0348,-12.129,220,5,1.1,0.9
106,2,0,0,0,0,0,1.0414,-24.768,220,5,1.1,0.9
107,1,0,0,0,7.26,0,1.0558,-7.5636,220,5,1.1,0.9
108,1,136.95,32.56,0,15.4,0,1.0567,-11.128,220,5,1.1,0.9
109,1,0,0,0,58.089,0,1.0275,-0.064839,380,5,1.1,0.9
110,1,0,0,0,0.22,0,1.0522,-0.72046,220,5,1.1,0.9
111,2,0,0,0,0,0,1.0441,-2.2293,380,5,1.1,0.9
112,1,0,0,0,8.1751,0,1.0244,-1.3863,380,5,1.1,0.9
113,2,0,0,0,0,0,1.0003,-17.401,220,5,1.1,0.9
114,2,0,0,0,0,0,1.0317,1.1101,380,5,1.1,0.9
115,1,121,3.74,0,11.95,0,1.0408,-24.602,220,5,1.1,0.9
116,1,119.78,-23.936,0,3.72,0,1.0569,-11.956,220,5,1.1,0.9
117,1,211.75,86.13,0,6.65,0,1.0172,-10.133,220,5,1.1,0.9
118,2,0,0,0,0,0,1.0645,-18.978,380,5,1.1,0.9
119,1,0,0,0,9.1,0,1.0692,-34.995,220,5,1.1,0.9
120,1,0,0,0,0.15,0,1.0503,-15.386,220,5,1.1,0.9
121,1,90.959,22.11,0,1.36,0,1.0739,-26.406,220,5,1.1,0.9
122,1,694.88,-59.576,0,7.5341,0,1.0356,-15.076,380,5,1.1,0.9
123,1,0,0,0,0.05,0,1.0386,-9.7674,220,5,1.1,0.9
124,1,138.49,-0.55,0,0.21,0,1.0652,-7.9296,220,5,1.1,0.9
125,1,37.884,9.35,0,1.11,0,1.0455,-20.77,220,5,1.1,0.9
126,1,68.277,16.17,0,4.84,0,1.0356,-23.09,220,5,1.1,0.9
127,1,0,0,0,22.75,0,1.0199,-21.525,220,5,1.1,0.9
128,1,0,0,0,9.46,0,1.0492,-24.47,220,5,1.1,0.9
129,1,119.57,-13.365,0,37.11,0,1.066,-13.014,380,5,1.1,0.9
130,1,72.897,14.96,0,0.67,0,1.0443,-21.526,220,5,1.1,0.9
131,1,0,0,0,108.73,0,1.0633,-9.0787,380,5,1.1,0.9
132,1,97.35,18.15,0,146.44,0,1.0156,-11.66,380,5,1.1,0.9
133,2,0,0,0,0,0,1.0726,5.3589,380,5,1.3,0.7
134,1,16.181,5.06,0,7.88,0,1.0472,-25.138,220,5,1.1,0.9
135,2,0,0,0,0,0,1.0741,-33.622,220,5,1.1,0.9
136,2,0,0,0,0,0,1.0415,-20.086,220,5,1.1,0.9
137,1,0,0,0,0.81,0,1.054,-12.379,220,5,1.1,0.9
138,1,49.005,0,0,4.78,0,1.0563,-5.3987,220,5,1.1,0.9
139,1,221.54,58.3,0,9.67,0,1.0282,-29.352,220,5,1.1,0.9
140,1,-6.501,-2.563,0,30.394,0,0.99054,-18.181,380,5,1.1,0.9
141,1,28.963,5.83,0,4.31,0,1.0409,-24.522,220,5,1.1,0.9
142,1,420.75,63.69,0,8.16,0,1.0678,-32.323,220,5,1.1,0.9
143,1,38.104,0,0,0.91,0,1.0344,-19.543,220,5,1.1,0.9
144,1,35.134,9.68,0,3.79,0,1.0389,-9.0275,220,5,1.1,0.9
145,2,0,0,0,0,0,1.0289,-3.6934,380,5,1.1,0.9
146,1,0,0,0,3.79,0,1.0416,-12.829,220,5,1.1,0.9
147,1,0,0,0,0.1,0,1.0352,-12.095,220,5,1.1,0.9
148,1,0,0,0,4.74,0,1.0615,-3.473,220,5,1.1,0.9
149,1,305.65,64.845,0,182.88,0,1.0386,-10.51,380,5,1.1,0.9
150,2,0,0,0,0,0,1.0495,-8.6137,220,5,1.1,0.9
151,1,61.666,20.57,0,4.24,0,1.0101,-21.693,220,5,1.1,0.9
152,2,0,0,0,0,0,1.0271,-8.5073,380,5,1.1,0.9
153,1,0,0,0,0.16,0,1.0502,-1.1168,220,5,1.1,0.9
154,2,0,0,0,0,0,1.0428,-4.3482,220,5,1.1,0.9
155,1,0,0,0,2.05,0,1.0335,-14.209,220,5,1.1,0.9
156,2,0,0,0,0,0,1.0499,-6.6419,220,5,1.1,0.9
157,1,32.813,8.03,0,6.49,0,1.0748,-26.326,220,5,1.1,0.9
158,1,0,0,0,1.1,0,1.0368,-8.8716,220,5,1.1,0.9
159,1,209.52,60.533,0,6.7,0,1.0033,-22.533,220,5,1.1,0.9
160,1,17.842,2.2,0,0.71,0,1.0348,-18.539,220,5,1.1,0.9
161,1,0,0,0,0.05,0,1.0487,-24.428,220,5,1.1,0.9
162,1,36.124,0,0,1.41,0,1.0326,-5.6275,220,5,1.1,0.9
163,1,0,0,0,18.82,0,1.0434,-20.607,220,5,1.1,0.9
164,1,13.651,4.29,0,2.23,0,1.0347,-6.0588,220,5,1.1,0.9
165,1,72.237,26.4,0,9.95,0,1.0381,-22.502,220,5,1.1,0.9
166,1,123.64,14.3,0,3.99,0,1.0526,-36.244,220,5,1.1,0.9
167,1,0,0,0,2.3,0,1.0745,-25.557,220,5,1.1,0.9
168,1,95.26,25.74,0,0.39,0,1.0409,-2.8026,220,5,1.1,0.9
169,1,219.34,-21.89,0,6.68,0,1.0666,-33.082,220,5,1.1,0.9
170,1,74.327,23.32,0,5.71,0,1.0399,-4.9553,220,5,1.1,0.9
171,1,34.023,7.26,0,9.09,0,1.0545,-14.223,220,5,1.1,0.9
172,1,142.56,14.63,0,13.98,0,1.039,-15.127,380,5,1.1,0.9
173,1,0,0,0,30.638,0,0.98796,-14.637,380,5,1.1,0.9
174,1,125.51,25.85,0,1.08,0,1.0503,-19.628,220,5,1.1,0.9
175,1,0,0,0,4.93,0,1.0406,-10.966,220,5,1.1,0.9
176,1,0,0,0,1.72,0,1.038,-22.527,220,5,1.1,0.9
177,1,78.958,19.69,0,1.96,0,1.0226,-16.525,220,5,1.1,0.9
178,2,0,0,0,0,0,1.108,-6.286,380,5,1.3,0.7
179,1,0,0,0,1.17,0,1.0472,-10.674,220,5,1.1,0.9
180,1,383.82,29.117,0,9.36,0,1.0194,-11.264,380,5,1.1,0.9
181,2,0,0,0,0,0,1.0271,-8.5168,380,5,1.1,0.9
182,1,0,0,0,10.73,0,1.0386,-22.035,220,5,1.1,0.9
183,1,190.3,-23.43,0,5.93,0,1.0667,-50.057,220,5,1.1,0.9
184,1,57.706,3.19,0,0.35,0,1.0326,-18.856,220,5,1.1,0.9
185,2,0,0,0,0,0,1.0368,-8.6435,220,5,1.1,0.9
186,1,526.9,109.12,0,10.68,0,1.0517,-28.72,220,5,1.1,0.9
187,1,0,0,0,4.34,0,1.0383,-22.27,220,5,1.1,0.9
188,1,41.734,16.72,0,35.31,0,1.034,-21.655,380,5,1.1,0.9
189,1,0,0,0,0.98,0,1.0694,-34.996,220,5,1.1,0.9
190,1,0,0,0,0.59,0,1.0252,-16.314,220,5,1.1,0.9
191,2,0,0,0,0,0,1.0329,-14.205,220,5,1.1,0.9
192,1,0,0,0,58.3,0,0.99638,-14.201,380,5,1.1,0.9
193,2,0,0,0,0,0,1.041,-7.3752,220,5,1.1,0.9
194,1,-3.619,-1.452,0,190.7,0,1.0328,-8.5542,380,5,1.1,0.9
195,1,44.935,15.95,0,0.59,0,1.0399,-12.093,220,5,1.1,0.9
196,1,159.72,23.54,0,1.09,0,1.0337,-22.574,220,5,1.1,0.9
197,1,34.023,8.36,0,4.69,0,1.0747,-26.314,220,5,1.1,0.9
198,1,0,0,0,2.14,0,1.0379,-12.821,220,5,1.1,0.9
199,1,216.37,48.62,0,0.1,0,1.0173,-19.003,220,5,1.1,0.9
200,1,13.101,3.19,0,5.27,0,1.0386,-14.758,220,5,1.1,0.9
201,1,159.17,22.33,0,6.35,0,1.0227,-27.896,220,5,1.1,0.9
202,1,0,0,0,0.3,0,1.0321,-11.506,220,5,1.1,0.9
203,2,0,0,0,0,0,1.0435,-20.967,220,5,1.1,0.9
204,1,0,0,0,3.85,0,1.0447,-24.346,220,5,1.1,0.9
205,2,0,0,0,0,0,1.0477,-12.918,220,5,1.1,0.9
206,1,0,0,0,9.49,0,1.0751,-15.32,220,5,1.1,0.9
207,1,0,0,0,3.38,0,1.0429,-21.818,220,5,1.1,0.9
208,1,0,0,0,0.42,0,1.0436,-20.967,220,5,1.1,0.9
209,1,-12.133,-5.621,0,29.707,0,0.98845,-15.34,380,5,1.1,0.9
210,2,0,0,0,0,0,1.0481,-15.829,220,5,1.1,0.9
211,1,0,0,0,4.86,0,1.0642,-26.867,220,5,1.1,0.9
212,1,87.549,20.68,0,6.78,0,1.035,-23.343,220,5,1.1,0.9
213,1,-2.035,-1.793,0,31.425,0,1.0343,-11.522,380,5,1.1,0.9
214,1,0,0,0,37.116,0,1.0278,-26.693,380,5,1.1,0.9
215,1,0,0,0,1.84,0,1.0253,-14.29,220,5,1.1,0.9
216,1,-11.946,-6.523,0,12.54,0,1.0428,-11.948,220,5,1.1,0.9
217,1,39.974,16.72,0,0.3,0,1.0333,-8.757,220,5,1.1,0.9
218,1,80.938,3.564,0,52.35,0,1.0594,-15.296,220,5,1.1,0.9
219,1,137.94,50.38,0,0,0,1.0393,-23.538,220,5,1.1,0.9
220,1,46.805,9.02,0,2.06,0,1.0422,-23.473,220,5,1.1,0.9
221,1,0,0,0,1.02,0,1.0405,-15.043,220,5,1.1,0.9
222,1,0,0,0,7.99,0,1.0432,-20.419,220,5,1.1,0.9
223,1,22.462,8.91,0,35.15,0,1.0426,-16.621,380,5,1.1,0.9
224,1,0,0,0,4.96,0,1.0207,-16.043,220,5,1.1,0.9
225,1,0,0,0,0.95,0,1.0618,-11.392,220,5,1.1,0.9
226,1,85.129,26.51,0,2.67,0,1.0422,-25.854,220,5,1.1,0.9
227,1,172.59,-4.4,0,2.48,0,1.0362,-24.757,220,5,1.1,0.9
228,1,75.988,23.65,0,1.65,0,1.0469,-25.155,220,5,1.1,0.9
229,1,0,0,0,1.38,0,1.0404,-12.03,220,5,1.1,0.9
230,1,0,0,0,3.24,0,1.0269,-14.24,220,5,1.1,0.9
231,1,31.163,49.28,0,0.51,0,1.0375,-2.3353,220,5,1.1,0.9
232,1,78.947,14.927,0,3.84,0,1.0158,-29.284,220,5,1.1,0.9
233,2,0,0,0,0,0,1.0439,-6.6402,220,5,1.1,0.9
234,1,0,0,0,0.05,0,1.077,-24.358,220,5,1.1,0.9
235,1,81.158,0,0,2.69,0,1.0307,-5.5141,380,5,1.1,0.9
236,1,0,0,0,6.55,0,1.0502,-20.676,220,5,1.1,0.9
237,1,80.498,24.53,0,8.77,0,1.0478,-19.847,220,5,1.1,0.9
238,1,46.145,9.35,0,1.05,0,1.0437,-11.062,220,5,1.1,0.9
239,2,0,0,0,0,0,1.0286,0.42775,380,5,1.1,0.9
240,1,105.28,28.49,0,11.38,0,1.0423,-25.888,220,5,1.1,0.9
241,1,494.52,270.29,0,94.55,0,1.0545,3.4279,380,5,1.1,0.9
242,1,4.037,-2.046,0,3.89,0,1.0462,-20.802,220,5,1.1,0.9
243,1,-30.943,-0.913,0,0.1,0,1.0618,-11.405,220,5,1.1,0.9
244,2,0,0,0,0,0,1.0439,-2.2252,380,5,1.1,0.9
245,1,91.509,28.38,0,0.33,0,1.0473,-10.475,220,5,1.1,0.9
246,1,68.376,8.8,0,2.99,0,1.0389,-13.052,220,5,1.1,0.9
247,2,0,0,0,0,0,1.0379,-13.186,380,5,1.1,0.9
248,1,-16.918,-5.434,0,33.242,0,1.0075,-14.734,380,5,1.1,0.9
249,1,27.643,-67.76,0,3.68,0,1.0527,-29.767,220,5,1.1,0.9
250,2,0,0,0,0,0,1.0622,2.4667,220,5,1.1,0.9
251,1,-18.898,-4.785,0,44.419,0,1.0258,-14.511,380,5,1.1,0.9
252,1,0,0,0,6.68,0,1.0303,-32.491,220,5,1.1,0.9
253,1,0,0,0,1.86,0,1.0494,-24.089,220,5,1.1,0.9
254,1,64.306,7.26,0,10.13,0,1.0366,-19.191,220,5,1.1,0.9
255,2,0,0,0,0,0,1.0429,-17.15,380,5,1.1,0.9
256,1,0,0,0,121.29,0,1.0347,-4.4243,380,5,1.1,0.9
257,1,0,0,0,0.28,0,1.0349,-30.808,380,5,1.1,0.9
258,1,366.85,-1.54,0,8.37,0,1.0496,-45.569,220,5,1.1,0.9
259,1,81.378,24.75,0,1.15,0,1.0429,-11.138,220,5,1.1,0.9
260,1,0,0,0,1.64,0,1.0511,-25.975,220,5,1.1,0.9
261,2,0,0,0,0,0,1.053,-0.23687,380,5,1.1,0.9
262,1,-0.693,-0.913,0,22.81,0,0.98733,-7.425,380,5,1.1,0.9
263,1,0,0,0,0.05,0,1.0389,-22.037,220,5,1.1,0.9
264,2,0,0,0,0,0,1.0462,-0.83451,220,5,1.1,0.9
265,1,97.812,21.769,0,2.81,0,1.0291,-7.5199,220,5,1.1,0.9
266,1,119.8,37.07,0,56.24,0,1.0695,-12.568,380,5,1.1,0.9
267,1,0,0,0,3.33,0,1.0364,-22.48,220,5,1.1,0.9
268,1,0,0,0,3.02,0,1.0374,-22.163,220,5,1.1,0.9
269,1,-30.954,-0.836,0,0.1,0,1.0618,-11.405,220,5,1.1,0.9
270,2,0,0,0,0,0,1.0476,-12.927,220,5,1.1,0.9
271,2,0,0,0,0,0,1.0543,-25.745,220,5,1.1,0.9
272,1,0,0,0,1.53,0,1.0286,-11.056,220,5,1.1,0.9
273,1,97.68,-3.52,0,13.63,0,1.0609,-25.533,220,5,1.1,0.9
274,1,230.12,25.85,0,6.44,0,1.0447,-28.285,220,5,1.1,0.9
275,1,12.881,4.18,0,2.96,0,1.0353,-15.878,220,5,1.1,0.9
276,1,0,0,0,6.2736,0,1.0308,-14.242,380,5,1.1,0.9
277,1,30.063,5.5,0,6.77,0,1.0298,-16.426,220,5,1.1,0.9
278,2,0,0,0,0,0,1.0394,-2.3767,220,5,1.1,0.9
279,1,22.902,0,0,0.14,0,1.0704,7.5884,220,5,1.1,0.9
280,1,0,0,0,1.18,0,1.0211,-6.1537,380,5,1.1,0.9
281,1,0,0,0,2.68,0,1.0492,-6.6954,220,5,1.1,0.9
282,2,0,0,0,0,0,1.0356,-20.619,220,5,1.1,0.9
283,1,217.25,-34.1,0,17.34,0,1.0505,-25.133,220,5,1.1,0.9
284,1,211.32,50.05,0,68.04,0,1.0024,-11.646,380,5,1.1,0.9
285,1,0,0,0,1.19,0,1.0361,-18.037,220,5,1.1,0.9
286,2,0,0,0,0,0,1.0647,-10.511,220,5,1.1,0.9
287,1,273.57,8.91,0,12.46,0,1.0665,-49.703,220,5,1.1,0.9
288,1,231.11,72.82,0,59.36,0,1.0747,-26.3,220,5,1.1,0.9
289,1,0,0,0,0.14,0,1.0741,-33.622,220,5,1.1,0.9
290,1,195.03,40.04,0,0.7,0,1.041,-21.422,220,5,1.1,0.9
291,1,28.303,8.03,0,2.82,0,1.0333,-20.141,220,5,1.1,0.9
292,1,45.595,5.39,0,18.43,0,1.0385,-18.676,220,5,1.1,0.9
293,1,79.288,23.43,0,7.19,0,1.0445,-21.079,220,5,1.1,0.9
294,1,0,0,0,9.98,0,1.0511,-24.097,220,5,1.1,0.9
295,1,4.29,1.1,0,3.81,0,1.0501,-24.966,220,5,1.1,0.9
296,2,0,0,0,0,0,1.0309,0.69356,380,5,1.1,0.9
297,1,15.422,7.15,0,0.09,0,1.0375,-5.9037,220,5,1.1,0.9
298,1,3.52,1.87,0,0.05,0,1.0435,-20.968,220,5,1.1,0.9
299,1,0,0,0,0.14,0,1.0321,-12.427,220,5,1.1,0.9
300,2,0,0,0,0,0,1.0099,-1.1447,380,5,1.1,0.9
301,1,0,0,0,7.3388,0,1.0382,-9.0761,380,5,1.1,0.9
302,1,132.22,22.55,0,19.94,0,1.0497,-30.774,220,5,1.1,0.9
303,1,111.32,2.31,0,38.43,0,1.0657,-17.406,380,5,1.1,0.9
304,1,84.909,20.46,0,2.22,0,1.0207,-14.721,220,5,1.1,0.9
305,1,0,0,0,13.94,0,1.0503,-12.128,220,5,1.1,0.9
306,1,133.54,22.22,0,16.61,0,1.035,-18.483,220,5,1.1,0.9
307,2,0,0,0,0,0,1.0404,2.4671,380,5,1.1,0.9
308,1,0,0,0,6.02,0,1.0522,-12.053,220,5,1.1,0.9
309,1,219.85,62.623,0,46.83,0,1.0431,-25.771,220,5,1.1,0.9
310,1,-6.204,-3.124,0,34.582,0,1.0167,-8.0861,380,5,1.1,0.9
311,1,0,0,0,38.32,0,1.03,-5.5492,380,5,1.1,0.9
312,1,86.999,20.57,0,10.8,0,1.036,-23.063,220,5,1.1,0.9
313,1,0,0,0,56.687,0,1.0165,-8.2424,380,5,1.1,0.9
314,1,118.03,15.62,0,20.23,0,1.0397,-15.783,220,5,1.1,0.9
315,1,0,0,0,7.63,0,1.0504,-7.9024,220,5,1.1,0.9
316,1,70.037,22.22,0,6.13,0,1.0376,-5.8938,220,5,1.1,0.9
317,1,39.226,-10.329,0,7.89,0,1.0484,-28.663,220,5,1.1,0.9
318,1,23.012,8.47,0,1.21,0,1.0529,-14.673,220,5,1.1,0.9
319,1,0,0,0,61.796,0,1.0119,-13.202,380,5,1.1,0.9
320,2,0,0,0,0,0,1.0733,-28.416,220,5,1.1,0.9
321,1,0,0,0,32.85,0,0.99588,-16.182,380,5,1.1,0.9
322,1,0,0,0,0.18,0,1.0478,-6.2823,220,5,1.1,0.9
323,2,0,0,0,0,0,1.0355,-6.0121,380,5,1.1,0.9
324,1,82.478,29.59,0,2.96,0,1.0511,-13.42,220,5,1.1,0.9
325,1,0,0,0,2.91,0,1.063,-13.081,220,5,1.1,0.9
326,1,0,0,0,1.71,0,1.0365,-22.481,220,5,1.1,0.9
327,1,0,0,0,0.45,0,1.0494,1.167,220,5,1.1,0.9
328,1,0,0,0,2.76,0,1.0249,-19.021,220,5,1.1,0.9
329,1,110.77,-4.62,0,1.57,0,1.068,-47.918,220,5,1.1,0.9
330,1,155.43,35.64,0,7.29,0,1.0744,-26.339,220,5,1.1,0.9
331,2,0,0,0,0,0,1.0532,-23.759,220,5,1.1,0.9
332,1,229.77,66.88,0,6.68,0,1.0233,-8.7171,220,5,1.1,0.9
333,1,187.99,42.9,0,11.25,0,1.0345,-8.5766,220,5,1.1,0.9
334,2,0,0,0,0,0,1.0725,-10.611,220,5,1.1,0.9
335,1,0,0,0,7.94,0,1.0374,-15.856,220,5,1.1,0.9
336,1,97.57,-0.11,0,2.83,0,1.0585,-25.833,220,5,1.1,0.9
337,1,35.244,7.26,0,0.44,0,1.0386,-24.079,220,5,1.1,0.9
338,1,0,0,0,0.41,0,1.0467,-21.266,220,5,1.1,0.9
339,1,43.604,22.99,0,0.65,0,1.0611,-8.9623,220,5,1.1,0.9
340,1,125.95,27.72,0,17.57,0,1.0472,-25.134,220,5,1.1,0.9
341,1,0,0,0,0.4,0,1.0175,-14.251,220,5,1.1,0.9
342,1,113.74,29.7,0,1.41,0,1.0455,-29.782,220,5,1.1,0.9
343,1,106.6,15.29,0,3.98,0,1.0396,-12.236,220,5,1.1,0.9
344,1,0,0,0,3.28,0,1.0651,-26.071,220,5,1.1,0.9
345,2,0,0,0,0,0,1.0249,-9.9219,380,5,1.1,0.9
346,1,237.05,34.43,0,14.23,0,1.0446,-21.085,220,5,1.1,0.9
347,1,18.59,4.235,0,25.09,0,1.0523,-29.005,220,5,1.1,0.9
348,1,41.734,16.94,0,117.39,0,1.0337,-22.174,380,5,1.1,0.9
349,1,0,0,0,14.491,0,0.99127,-17.482,380,5,1.1,0.9
350,1,111.87,19.36,0,13.14,0,1.0367,-14.898,220,5,1.1,0.9
351,1,22.902,0,0,0.13,0,1.0705,7.7004,220,5,1.1,0.9
352,1,0,0,0,1.69,0,1.0487,-24.428,220,5,1.1,0.9
353,2,0,0,0,0,0,1.0478,-23.702,220,5,1.1,0.9
354,1,49.005,18.48,0,2.31,0,1.035,-22.416,220,5,1.1,0.9
355,2,0,0,0,0,0,1.0412,-9.8822,220,5,1.1,0.9
356,2,0,0,0,0,0,1.0377,-13.763,220,5,1.1,0.9
357,1,0,0,0,6.21,0,1.0414,-11.922,220,5,1.1,0.9
358,1,320.32,38.94,0,21.87,0,1.0305,-32.3,220,5,1.1,0.9
359,1,0,0,0,0.64,0,1.0466,-21.265,220,5,1.1,0.9
360,2,0,0,0,0,0,1.0616,7.5577,380,5,1.1,0.9
361,1,33.803,10.56,0,2.75,0,1.0401,-24.619,220,5,1.1,0.9
362,1,145.2,28.6,0,27.18,0,1.0065,-13.461,380,5,1.1,0.9
363,1,0,0,0,11.65,0,1.0181,-14.1,220,5,1.1,0.9
364,2,0,0,0,0,0,1.0481,-6.2151,220,5,1.1,0.9
365,1,0,0,0,0.21,0,1.0656,-7.8087,220,5,1.1,0.9
366,1,-2.915,-1.287,0,65.673,0,1.0082,-2.6272,380,5,1.1,0.9
367,2,0,0,0,0,0,1.0428,-18.186,220,5,1.1,0.9
368,2,0,0,0,0,0,1.0494,1.1673,220,5,1.1,0.9
369,1,0,0,0,2.09,0,1.0129,-21.482,220,5,1.1,0.9
370,1,127.46,32.351,0,7.92,0,1.0285,-12.084,220,5,1.1,0.9
371,1,-5.819,-2.101,0,42.623,0,0.99909,-11.537,380,5,1.1,0.9
372,1,262.3,51.546,0,125.53,0,1.0444,-19.856,380,5,1.1,0.9
373,1,65.747,18.37,0,0.64,0,1.044,-4.6349,220,5,1.1,0.9
374,1,56.716,2.31,0,0.18,0,1.0375,-2.8967,220,5,1.1,0.9
375,2,0,0,0,0,0,1.0494,-6.6667,220,5,1.1,0.9
376,1,175.2,42.141,0,2.18,0,1.0233,-16.64,220,5,1.1,0.9
377,1,58.146,14.3,0,6.04,0,1.047,-4.7077,220,5,1.1,0.9
378,1,69.267,19.14,0,0.3,0,1.0416,-2.7249,220,5,1.1,0.9
379,1,279.15,93.06,0,20.71,0,1.0309,-15.233,220,5,1.1,0.9
380,1,16.192,5.94,0,0.72,0,1.0331,-10.863,220,5,1.1,0.9
381,1,28.193,13.97,0,8.42,0,1.0405,-15.286,220,5,1.1,0.9
382,2,0,0,0,0,0,1.0388,-13.643,220,5,1.1,0.9
383,2,0,0,0,0,0,1.0615,7.5214,380,5,1.1,0.9
384,1,223.41,71.72,0,0.64,0,1.0455,-24.492,220,5,1.1,0.9
385,1,0,0,0,1.72,0,1.0421,-11.251,220,5,1.1,0.9
386,1,0,0,0,0.19,0,1.0737,-24.809,220,5,1.1,0.9
387,2,0,0,0,0,0,1.0365,-23.008,220,5,1.1,0.9
388,1,227.81,55.44,0,4.93,0,1.0192,-18.77,220,5,1.1,0.9
389,1,-0.792,0,0,69.582,0,1.0343,-22.75,380,5,1.1,0.9
390,1,135.56,26.015,0,6.44,0,1.0357,-14.94,220,5,1.1,0.9
391,1,0,0,0,0.45,0,1.034,-3.2138,220,5,1.1,0.9
392,1,17.842,9.79,0,2.2,0,1.0383,-21.005,220,5,1.1,0.9
393,1,166.87,30.36,0,6.49,0,1.0432,-25.609,220,5,1.1,0.9
394,2,0,0,0,0,0,1.0354,-15.495,220,5,1.1,0.9
395,1,0,0,0,10.041,0,0.98362,-22.372,380,5,1.1,0.9
396,1,94.149,22.792,0,142.79,0,1.0131,-10.065,380,5,1.1,0.9
397,1,61.116,29.15,0,1.09,0,1.0499,-30.125,220,5,1.1,0.9
398,1,37.994,9.46,0,5.05,0,1.0422,-21.897,220,5,1.1,0.9
399,1,0,0,0,3.72,0,1.052,-13.366,220,5,1.1,0.9
400,1,93.929,15.73,0,0.35,0,1.0479,-9.6671,220,5,1.1,0.9
401,1,-30.943,-0.891,0,0.1,0,1.0618,-11.404,220,5,1.1,0.9
402,2,0,0,0,0,0,1.0738,6.4278,380,5,1.3,0.7
403,1,0,0,0,0.39,0,1.035,-18.483,220,5,1.1,0.9
404,1,0,0,0,1.94,0,1.0702,-32.447,220,5,1.1,0.9
405,2,0,0,0,0,0,1.0422,-4.4832,220,5,1.1,0.9
406,2,0,0,0,0,0,1.054,-12.356,220,5,1.1,0.9
407,1,0,0,0,12.17,0,1.041,-24.503,220,5,1.1,0.9
408,1,0,0,0,0.39,0,1.0505,0.17029,220,5,1.1,0.9
409,1,27.863,15.62,0,4.05,0,1.0366,-22.984,220,5,1.1,0.9
410,2,0,0,0,0,0,1.0539,-0.3909,380,5,1.1,0.9
411,2,0,0,0,0,0,1.0825,-26.224,220,5,1.1,0.9
412,2,0,0,0,0,0,1.0437,-6.6502,220,5,1.1,0.9
413,1,44.154,9.68,0,0.82,0,1.0507,-3.9561,220,5,1.1,0.9
414,1,498.55,153.08,0,25.583,0,0.99805,-7.8305,380,5,1.1,0.9
415,1,0,0,0,4.76,0,1.0331,-18.741,220,5,1.1,0.9
416,1,-13.563,-2.915,0,69.323,0,1.0448,-10.677,380,5,1.1,0.9
417,1,41.503,15.224,0,0.09,0,1.0284,-11.075,220,5,1.1,0.9
418,1,0,0,0,4.21,0,1.0378,-7.2722,220,5,1.1,0.9
419,2,0,0,0,0,0,1.0638,-10.631,220,5,1.1,0.9
420,1,32.923,0,0,0.46,0,1.0418,-14.921,220,5,1.1,0.9
421,2,0,0,0,0,0,1.0576,-10.952,220,5,1.1,0.9
422,2,0,0,0,0,0,1.0552,-14.128,220,5,1.1,0.9
423,1,0,0,0,0.22,0,1.0137,-21.258,220,5,1.1,0.9
424,1,0,0,0,3.2,0,1.0502,-1.1168,220,5,1.1,0.9
425,1,62.436,14.74,0,1.18,0,1.0358,-23.07,220,5,1.1,0.9
426,2,0,0,0,0,0,1.0591,-23.273,220,5,1.1,0.9
427,1,0,0,0,2.87,0,1.0406,-2.2623,220,5,1.1,0.9
428,1,0,0,0,53.25,0,1.0238,-28.206,380,5,1.1,0.9
429,1,0,0,0,32.049,0,0.99159,-18.309,380,5,1.1,0.9
430,1,21.912,8.14,0,17.28,0,1.0576,-33.081,220,5,1.1,0.9
431,1,0,0,0,92.38,0,1.0746,-26.336,220,5,1.1,0.9
432,2,0,0,0,0,0,1.0477,-12.912,220,5,1.1,0.9
433,1,253.77,21.23,0,4.56,0,1.0436,-32.264,220,5,1.1,0.9
434,2,0,0,0,0,0,1.0511,-6.528,220,5,1.1,0.9
435,1,0,0,0,137.29,0,1.0055,-7.4218,380,5,1.1,0.9
436,1,113.3,31.57,0,2.88,0,1.0167,-14.353,220,5,1.1,0.9
437,1,0,0,0,11.03,0,1.0504,-4.8376,220,5,1.1,0.9
438,1,175.89,58.52,0,7.99,0,1.0412,-24.388,220,5,1.1,0.9
439,1,0,0,0,0.19,0,1.047,-17.074,220,5,1.1,0.9
440,1,123.76,18.161,0,1.63,0,1.0445,-8.9528,220,5,1.1,0.9
441,1,107.6,22.649,0,6.67,0,1.0383,-15.064,220,5,1.1,0.9
442,1,0,0,0,0.42,0,1.0633,-9.0787,380,5,1.1,0.9
443,1,0,0,0,1.68,0,1.0754,-15.323,220,5,1.1,0.9
444,2,0,0,0,0,0,1.0536,-8.4785,220,5,1.1,0.9
445,1,0,0,0,3.9,0,1.0519,-3.764,220,5,1.1,0.9
446,1,2.42,1.21,0,0.67,0,1.0496,-5.241,220,5,1.1,0.9
447,2,0,0,0,0,0,1.0417,-12.799,220,5,1.1,0.9
448,1,0,0,0,1.37,0,1.0368,-22.763,220,5,1.1,0.9
449,1,81.818,9.68,0,6.1,0,1.0425,-11.458,220,5,1.1,0.9
450,1,163.9,21.78,0,23.89,0,1.0384,-14.928,380,5,1.1,0.9
451,2,0,0,0,0,0,1.0307,0.60526,380,5,1.1,0.9
452,1,128.62,36.96,0,3.35,0,1.0468,-25.176,220,5,1.1,0.9
453,1,243.1,161.48,0,8.35,0,1.0486,-6.586,220,5,1.1,0.9
454,1,32.263,6.16,0,6.56,0,1.045,-21.014,220,5,1.1,0.9
455,1,0,0,0,0,0,1.0311,-24.885,220,5,1.1,0.9
456,1,98.56,24.97,0,4.06,0,1.0335,-8.7404,220,5,1.1,0.9
457,1,0,0,0,4.27,0,1.0137,-21.258,220,5,1.1,0.9
458,1,0,0,0,2.83,0,1.0447,-7.2841,220,5,1.1,0.9
459,1,102.19,30.47,0,5.22,0,1.0507,-30.097,220,5,1.1,0.9
460,1,33.363,11.55,0,0.33,0,1.0207,-16.899,220,5,1.1,0.9
461,1,0,0,0,75.076,0,0.99894,-15.122,380,5,1.1,0.9
462,1,624.77,143.8,0,1.09,0,1.0684,-27.641,220,5,1.1,0.9
463,1,71.137,26.95,0,1.46,0,1.0672,-27.698,220,5,1.1,0.9
464,1,0,0,0,0,0,1.0573,2.4036,220,5,1.1,0.9
465,2,0,0,0,0,0,1.072,-11.598,220,5,1.1,0.9
466,1,266.38,81.004,0,12.79,0,1.0316,-7.2149,220,5,1.1,0.9
467,1,115.26,23.012,0,6.17,0,1.0215,-17.925,220,5,1.1,0.9
468,2,0,0,0,0,0,1.0654,-9.169,220,5,1.1,0.9
469,2,0,0,0,0,0,1.0231,-15.705,220,5,1.1,0.9
470,1,0,0,0,0.03,0,1.0651,-26.071,220,5,1.1,0.9
471,1,947.05,-200.94,0,18.309,0,0.99302,-41.441,380,5,1.1,0.9
472,1,203.4,36.08,0,8.35,0,1.039,-17.528,220,5,1.1,0.9
473,2,0,0,0,0,0,1.0555,-11.833,220,5,1.1,0.9
474,1,15.532,8.47,0,1.42,0,1.0403,-21.339,220,5,1.1,0.9
475,1,117.7,38.17,0,1.54,0,1.0424,-12.953,220,5,1.1,0.9
476,1,140.58,16.72,0,9.34,0,1.0408,-12.071,220,5,1.1,0.9
477,1,94.82,21.89,0,5.43,0,1.0362,-23.053,220,5,1.1,0.9
478,1,9.361,3.52,0,0.96,0,1.017,-10.267,220,5,1.1,0.9
479,2,0,0,0,0,0,1.042,-1.2927,380,5,1.1,0.9
480,2,0,0,0,0,0,1.0285,-11.254,220,5,1.1,0.9
481,1,84.018,27.28,0,3.24,0,1.0478,-12.147,220,5,1.1,0.9
482,1,276.43,46.86,0,5.47,0,1.0252,-14.287,220,5,1.1,0.9
483,1,-5.566,-2.024,0,187.33,0,1.0562,-11.612,380,5,1.1,0.9
484,2,0,0,0,0,0,1.0503,-1.1291,220,5,1.1,0.9
485,1,145.2,29.7,0,4.66,0,1.0302,-17.958,220,5,1.1,0.9
486,1,0,0,0,1.18,0,0.99055,-18.181,380,5,1.1,0.9
487,1,22.99,-188.65,0,0.21,0,1.0805,7.8636,220,5,1.1,0.9
488,1,92.609,19.03,0,6.2,0,1.055,-11.326,220,5,1.1,0.9
489,1,0,0,0,1.44,0,1.0389,-22.037,220,5,1.1,0.9
490,1,0,0,0,0.13,0,1.0501,-7.8938,220,5,1.1,0.9
491,1,36.454,12.76,0,4.51,0,1.0381,-11.398,220,5,1.1,0.9
492,2,0,0,0,0,0,1.072,8.0803,220,5,1.1,0.9
493,2,0,0,0,0,0,1.0141,-16.13,220,5,1.1,0.9
494,1,0,0,0,0.91,0,1.034,-20.056,220,5,1.1,0.9
495,1,0,0,0,2.27,0,1.0381,-12.157,220,5,1.1,0.9
496,1,0,0,0,4.56,0,1.0175,-10.216,220,5,1.1,0.9
497,1,91.619,26.51,0,1.23,0,1.0395,-16.595,220,5,1.1,0.9
498,2,0,0,0,0,0,1.0159,-12.064,380,5,1.1,0.9
499,2,0,0,0,0,0,1.0457,-3.0422,220,5,1.1,0.9
500,2,0,0,0,0,0,1.0538,-12.36,220,5,1.1,0.9
501,1,85.239,23.54,0,0.05,0,1.0182,-10.51,220,5,1.1,0.9
502,2,0,0,0,0,0,1.04,-11.496,220,5,1.1,0.9
503,1,332.75,71.61,0,8.87,0,1.0597,-20.937,220,5,1.1,0.9
504,1,0,0,0,17.31,0,1.0476,-25.085,220,5,1.1,0.9
505,1,25.542,6.93,0,0.66,0,1.0347,-14.123,220,5,1.1,0.9
506,1,0,0,0,0,0,1.0573,2.4036,220,5,1.1,0.9
507,2,0,0,0,0,0,1.0637,-10.681,220,5,1.1,0.9
508,1,137.61,48.4,0,6.04,0,1.0153,-16.041,220,5,1.1,0.9
509,1,0,0,0,10.13,0,1.0436,-25.555,220,5,1.1,0.9
510,2,0,0,0,0,0,1.0608,-13.286,220,5,1.1,0.9
511,1,49.654,-7.304,0,88.82,0,0.99971,-5.8793,380,5,1.1,0.9
512,1,86.889,17.82,0,1.97,0,1.0466,-21.483,220,5,1.1,0.9
513,1,156.75,25.96,0,4.24,0,1.0236,-20.789,220,5,1.1,0.9
514,1,173.56,303.63,0,91.193,0,1.0519,2.2644,380,5,1.1,0.9
515,1,0,0,0,6.5017,0,0.99115,-16.269,380,5,1.1,0.9
516,1,111.65,-20.13,0,8.47,0,1.0372,-20.871,220,5,1.1,0.9
517,1,61.226,4.95,0,1.33,0,1.0389,-12.374,220,5,1.1,0.9
518,2,0,0,0,0,0,1.0485,-8.5706,220,5,1.1,0.9
519,1,109.23,25.63,0,1.88,0,1.036,-21.338,220,5,1.1,0.9
520,1,152.35,21.23,0,5.26,0,1.0402,-10.181,220,5,1.1,0.9
521,1,198.44,78.76,0,81.043,0,1.0359,-3.6342,380,5,1.1,0.9
522,1,108.02,21.01,0,10.92,0,1.0209,-10.552,220,5,1.1,0.9
523,1,0,0,0,1.93,0,1.0321,-11.506,220,5,1.1,0.9
524,2,0,0,0,0,0,1.0288,-3.783,380,5,1.1,0.9
525,1,0,0,0,68.054,0,1.034,-22.785,380,5,1.1,0.9
526,1,0,0,0,2.47,0,1.0376,-5.8961,220,5,1.1,0.9
527,1,36.674,14.52,0,0.76,0,1.0569,-4.1289,220,5,1.1,0.9
528,1,0,0,0,0.49,0,1.0358,-24.451,220,5,1.1,0.9
529,1,0,0,0,3.34,0,1.0392,-23.984,220,5,1.1,0.9
530,1,0,0,0,14.079,0,0.99162,-17.554,380,5,1.1,0.9
531,1,22.132,8.36,0,0.89,0,1.0492,-8.01,220,5,1.1,0.9
532,1,95.92,34.98,0,5.96,0,1.049,-30.445,220,5,1.1,0.9
533,1,0,0,0,2.51,0,1.0622,2.4574,220,5,1.1,0.9
534,2,0,0,0,0,0,1.0816,-26.431,220,5,1.1,0.9
535,1,-42.57,-14.289,0,13.474,0,1.032,-5.1859,380,5,1.1,0.9
536,1,305.49,8.085,0,3.58,0,1.072,-39.867,220,5,1.1,0.9
537,2,0,0,0,0,0,1.076,-33.405,220,5,1.1,0.9
538,1,41.294,20.13,0,0.22,0,1.0429,-6.7283,220,5,1.1,0.9
539,1,34.573,7.26,0,3.32,0,1.0343,-19.804,220,5,1.1,0.9
540,1,0,0,0,0.23,0,1.0404,-21.36,220,5,1.1,0.9
541,1,95.26,16.39,0,1.34,0,1.0321,-18.934,220,5,1.1,0.9
542,1,0,0,0,58.147,0,1.0094,-41.65,380,5,1.1,0.9
543,1,-30.943,-0.902,0,0.1,0,1.0618,-11.406,220,5,1.1,0.9
544,1,204.38,34.98,0,3.73,0,1.0366,-22.745,220,5,1.1,0.9
545,2,0,0,0,0,0,1.0391,-18.955,220,5,1.1,0.9
546,1,167.75,15.84,0,24.61,0,1.0304,-28.046,380,5,1.1,0.9
547,1,26.653,7.04,0,3.9,0,1.0332,-19.364,220,5,1.1,0.9
548,1,46.805,19.36,0,17.28,0,1.0573,-33.104,220,5,1.1,0.9
549,1,0,0,0,4.86,0,1.0493,-36.569,220,5,1.1,0.9
550,1,22.792,5.5,0,6.64,0,1.0742,-26.393,220,5,1.1,0.9
551,2,0,0,0,0,0,1.071,-11.746,220,5,1.1,0.9
552,1,144.1,1.43,0,120.45,0,1.0756,-26.083,220,5,1.1,0.9
553,2,0,0,0,0,0,1.0597,4.5134,380,5,1.1,0.9
554,1,30.833,7.15,0,6.32,0,1.0361,-21.98,220,5,1.1,0.9
555,1,91.289,28.49,0,0.23,0,1.0326,-12.874,220,5,1.1,0.9
556,1,170.56,43.516,0,6.27,0,1.0422,-14.836,220,5,1.1,0.9
557,1,0,0,0,12.4,0,1.0354,-15.507,220,5,1.1,0.9
558,1,-35.981,-15.136,0,135.14,0,1.0489,-20.581,380,5,1.1,0.9
559,2,0,0,0,0,0,1.0418,-24.313,220,5,1.1,0.9
560,1,0,0,0,0.43,0,1.048,-25.023,220,5,1.1,0.9
561,1,85.239,19.03,0,0.1,0,1.0508,-15.306,220,5,1.1,0.9
562,1,197.34,64.13,0,0.64,0,1.0458,-25.248,220,5,1.1,0.9
563,1,46.728,11.396,0,0.37,0,1.0369,-2.9345,220,5,1.1,0.9
564,1,0,0,0,13.03,0,1.038,-21.219,220,5,1.1,0.9
565,2,0,0,0,0,0,1.0316,0.71731,380,5,1.1,0.9
566,1,126.61,18.04,0,7.67,0,1.0412,-17.232,220,5,1.1,0.9
567,1,91.839,19.14,0,19.32,0,1.0239,-19.013,220,5,1.1,0.9
568,1,179.85,49.39,0,1.17,0,1.0581,-20.932,220,5,1.1,0.9
569,1,21.802,11.99,0,0.05,0,1.042,-21.905,220,5,1.1,0.9
570,1,61.094,16.566,0,6.28,0,1.0013,-23.505,220,5,1.1,0.9
571,1,0,0,0,26.98,0,1.0525,-19.65,220,5,1.1,0.9
572,1,217.47,74.415,0,13.58,0,1.0343,-20.635,220,5,1.1,0.9
573,1,181.83,8.14,0,28.32,0,1.0309,-28.138,380,5,1.1,0.9
574,2,0,0,0,0,0,1.0848,-33.98,220,5,1.1,0.9
575,1,143.55,27.17,0,0.4,0,1.0412,-21.968,220,5,1.1,0.9
576,1,0,0,0,1.02,0,1.0893,-15.203,220,5,1.1,0.9
577,1,48.895,11.99,0,2.23,0,1.0429,-25.785,220,5,1.1,0.9
578,2,0,0,0,0,0,1.027,-8.53,380,5,1.1,0.9
579,1,0,0,0,97.326,0,0.99448,-13.766,380,5,1.1,0.9
580,1,176,76.12,0,0.19,0,1.0363,-22.249,220,5,1.1,0.9
581,1,-42.603,-16.852,0,97.23,0,1.0755,-26.171,220,5,1.1,0.9
582,1,0,0,0,11.68,0,1.0813,-23.128,220,5,1.1,0.9
583,1,0,0,0,2.26,0,1.027,-14.866,220,5,1.1,0.9
584,1,221.17,21.406,0,2.87,0,1.048,-27.55,220,5,1.1,0.9
585,2,0,0,0,0,0,1.0319,1.194,380,5,1.1,0.9
586,2,0,0,0,0,0,1.0445,-9.5871,220,5,1.1,0.9
587,1,-30.943,-0.902,0,0.09,0,1.0618,-11.405,220,5,1.1,0.9
588,1,0,0,0,4.77,0,1.024,-15.319,220,5,1.1,0.9
589,1,0,0,0,4.36,0,1.0514,-24.515,220,5,1.1,0.9
590,1,0,0,0,98.2,0,1.0373,-13.382,380,5,1.1,0.9
591,1,0,0,0,19.73,0,1.0382,-21.079,220,5,1.1,0.9
592,2,0,0,0,0,0,1.0438,-14.004,220,5,1.1,0.9
593,1,-12.98,-6.017,0,88.051,0,1.0239,-1.8676,380,5,1.1,0.9
594,1,0,0,0,39.95,0,1.0249,-6.0758,380,5,1.1,0.9
595,1,98.23,27.61,0,2.98,0,1.0265,-13.116,220,5,1.1,0.9
596,1,115.72,26.62,0,0.25,0,1.0465,-4.7572,220,5,1.1,0.9
597,1,53.845,12.76,0,2,0,1.0327,-20.218,220,5,1.1,0.9
598,2,0,0,0,0,0,1.0274,-12.909,220,5,1.1,0.9
599,1,0,0,0,1.18,0,1.0493,-24.089,220,5,1.1,0.9
600,1,21.362,12.98,0,2.6,0,1.041,-23.7,220,5,1.1,0.9
601,1,0,0,0,0.84,0,1.0184,-10.494,220,5,1.1,0.9
602,2,0,0,0,0,0,1.0631,-8.855,220,5,1.1,0.9
603,1,162.8,28.71,0,9.44,0,0.98636,-24.771,220,5,1.1,0.9
604,1,84.909,29.15,0,6.2,0,1.0471,-0.061532,220,5,1.1,0.9
605,1,39.974,11.44,0,2.67,0,1.0354,-2.7257,220,5,1.1,0.9
606,1,28.743,10.67,0,2.37,0,1.0426,-11.956,220,5,1.1,0.9
607,1,121.88,40.59,0,23.2,0,1.0517,-6.6391,220,5,1.1,0.9
608,1,0,0,0,24.103,0,0.99162,-15.521,380,5,1.1,0.9
609,1,188.3,31.339,0,0,0,1.0679,-31.62,220,5,1.1,0.9
610,2,0,0,0,0,0,1.0403,2.4406,380,5,1.1,0.9
611,1,0,0,0,2.67,0,1.0355,-2.7146,220,5,1.1,0.9
612,1,0,0,0,6.42,0,1.0638,-10.64,220,5,1.1,0.9
613,1,292.27,124.85,0,1.85,0,0.99958,-11.7,220,5,1.1,0.9
614,1,0,0,0,1.18,0,1.038,-22.527,220,5,1.1,0.9
615,1,0,0,0,0.89,0,1.0172,-10.134,220,5,1.1,0.9
616,1,0,0,0,2.71,0,1.035,-18.483,220,5,1.1,0.9
617,2,0,0,0,0,0,1.0385,-9.7855,220,5,1.1,0.9
618,1,0,0,0,2.08,0,1.0669,-14.674,220,5,1.1,0.9
619,2,0,0,0,0,0,1.0632,-8.7967,220,5,1.1,0.9
620,1,0,0,0,1.23,0,1.0636,-10.7,220,5,1.1,0.9
621,1,89.199,13.75,0,2.4,0,1.0371,-21.7,220,5,1.1,0.9
622,1,14.311,4.18,0,3.59,0,1.0486,0.63012,220,5,1.1,0.9
623,1,10.901,5.94,0,4.6,0,1.0486,-24.482,220,5,1.1,0.9
624,2,0,0,0,0,0,1.0272,-14.802,220,5,1.1,0.9
625,2,0,0,0,0,0,1.0035,-8.4172,380,5,1.1,0.9
626,1,43.054,8.47,0,11.68,0,1.0332,-20.157,220,5,1.1,0.9
627,2,0,0,0,0,0,1.0198,-15.714,220,5,1.1,0.9
628,1,0,0,0,0.09,0,1.0741,-33.622,220,5,1.1,0.9
629,1,-0.682,0,0,75.02,0,1.0328,-21.096,380,5,1.1,0.9
630,1,12.221,4.51,0,0.8,0,1.0501,-1.1528,220,5,1.1,0.9
631,1,341.22,4.95,0,8.51,0,1.0484,-19.736,220,5,1.1,0.9
632,1,0,0,0,1.2,0,1.0746,-26.336,220,5,1.1,0.9
633,1,96.25,23.43,0,7.52,0,1.0427,-25.806,220,5,1.1,0.9
634,1,0,0,0,5.06,0,1.0362,-23.133,220,5,1.1,0.9
635,1,220.72,33.792,0,9.72,0,1.0372,-26.004,220,5,1.1,0.9
636,1,-3.52,-1.155,0,48.472,0,1.0296,-7.5529,380,5,1.1,0.9
637,1,9.911,5.39,0,0.64,0,1.0687,0.69213,220,5,1.1,0.9
638,1,6.391,1.87,0,0.42,0,1.052,-12.684,220,5,1.1,0.9
639,1,0,0,0,17.29,0,1.0463,-23.032,220,5,1.1,0.9
640,3,0,0,0,0,0,1.0492,0,380,5,1.1,0.9
641,1,0,0,0,8.95,0,1.0462,-17.16,220,5,1.1,0.9
642,1,0,0,0,12.68,0,1.0538,-19.119,220,5,1.1,0.9
643,1,209.77,57.2,0,20.57,0,1.0527,-13.186,220,5,1.1,0.9
644,1,27.423,10.56,0,0.09,0,1.041,-9.8979,220,5,1.1,0.9
645,1,51.865,17.27,0,5.41,0,1.0267,-17.727,220,5,1.1,0.9
646,1,77.858,21.56,0,7.9,0,1.0386,-8.9183,220,5,1.1,0.9
647,1,0,0,0,11.4,0,1.0511,-11.693,220,5,1.1,0.9
648,1,89.639,27.61,0,0.36,0,1.0038,-16.19,220,5,1.1,0.9
649,1,0,0,0,2.27,0,1.0383,-21.079,220,5,1.1,0.9
650,1,0,0,0,0.3,0,1.0349,-30.808,380,5,1.1,0.9
651,1,146.74,32.34,0,10.87,0,1.0436,-21.132,220,5,1.1,0.9
652,1,28.743,2.97,0,1.7,0,1.0441,-14.213,220,5,1.1,0.9
653,1,338.16,-42.13,0,0,0,1.064,-29.725,220,5,1.1,0.9
654,2,0,0,0,0,0,1.0286,-11.049,220,5,1.1,0.9
655,1,0,0,0,42.345,0,0.99497,-15.805,380,5,1.1,0.9
656,1,182.38,48.4,0,6.15,0,1.0552,-26.615,220,5,1.1,0.9
657,1,71.577,16.5,0,1.37,0,1.0735,-26.436,220,5,1.1,0.9
658,1,258.5,64.79,0,14.47,0,1.0469,-15.944,220,5,1.1,0.9
659,1,99.66,17.38,0,7.99,0,1.0609,-25.082,220,5,1.1,0.9
660,2,0,0,0,0,0,1.0398,-20.657,220,5,1.1,0.9
661,1,0,0,0,1.02,0,1.0893,-15.203,220,5,1.1,0.9
662,1,49.555,14.52,0,44.93,0,1.0468,-36.877,220,5,1.1,0.9
663,1,0,0,0,0.05,0,1.077,-24.358,220,5,1.1,0.9
664,2,0,0,0,0,0,1.0596,4.4965,380,5,1.1,0.9
665,1,534.05,-69.718,0,34.92,0,1.0681,-46.755,220,5,1.1,0.9
666,1,0,0,0,0.8,0,1.0746,-26.336,220,5,1.1,0.9
667,1,0,0,0,102.22,0,1.0068,-8.5966,380,5,1.1,0.9
668,1,0,0,0,1,0,0.98779,-18.482,220,5,1.1,0.9
669,2,0,0,0,0,0,1.0719,7.9732,220,5,1.1,0.9
670,2,0,0,0,0,0,1.0499,-6.4557,220,5,1.1,0.9
671,1,76.758,27.5,0,14.24,0,1.0519,-13.325,220,5,1.1,0.9
672,1,0,0,0,1.75,0,1.0321,-28.902,220,5,1.1,0.9
673,1,0,0,0,55.515,0,1.0248,-0.86993,380,5,1.1,0.9
674,1,187.11,-10.23,0,5.97,0,1.0723,-42.519,220,5,1.1,0.9
675,1,105.06,18.81,0,8.5,0,1.0472,-15.911,220,5,1.1,0.9
676,2,0,0,0,0,0,1.036,-5.9419,220,5,1.1,0.9
677,1,90.079,21.89,0,5.1,0,1.0419,-25.93,220,5,1.1,0.9
678,1,101.31,32.45,0,3.14,0,1.0306,-9.8296,220,5,1.1,0.9
679,1,0,0,0,0.94,0,1.0172,-10.134,220,5,1.1,0.9
680,1,0,0,0,6.12,0,1.0606,-8.8269,220,5,1.1,0.9
681,1,53.328,9.57,0,10.14,0,1.0556,-15.125,220,5,1.1,0.9
682,1,0,0,0,150.8,0,1.0235,-9.9108,380,5,1.1,0.9
683,1,0,0,0,14.64,0,1.0478,-14.698,220,5,1.1,0.9
684,1,0,0,0,0.3,0,1.0321,-11.506,220,5,1.1,0.9
685,1,0,0,0,124.2,0,1.0193,-10.389,380,5,1.1,0.9
686,1,130.9,24.09,0,0.95,0,1.041,-9.7998,220,5,1.1,0.9
687,1,143.55,28.27,0,2.27,0,1.0215,-16.819,220,5,1.1,0.9
688,2,0,0,0,0,0,1.0733,-27.676,220,5,1.1,0.9
689,1,12.111,4.29,0,7.98,0,1.0457,-12.001,220,5,1.1,0.9
690,1,-1.903,-1.881,0,22.062,0,0.99878,-5.591,380,5,1.1,0.9
691,1,0,0,0,52.958,0,1.0248,-7.9971,380,5,1.1,0.9
692,1,46.805,19.36,0,1.2,0,1.067,-25.394,220,5,1.1,0.9
693,1,0,0,0,80.388,0,0.9943,-16.866,380,5,1.1,0.9
694,2,0,0,0,0,0,1.0421,-15.686,220,5,1.1,0.9
695,1,103.29,-0.44,0,3.66,0,1.0528,-19.606,220,5,1.1,0.9
696,2,0,0,0,0,0,1.0498,-26.167,220,5,1.1,0.9
697,1,136.4,32.12,0,0.53,0,1.0324,-12.425,220,5,1.1,0.9
698,1,112.97,19.58,0,48.05,0,1.0423,-20.616,220,5,1.1,0.9
699,1,42.724,9.35,0,7.31,0,1.0521,-3.73,220,5,1.1,0.9
700,1,50.765,12.32,0,10.16,0,1.043,-25.791,220,5,1.1,0.9
701,1,120.67,16.5,0,30.97,0,1.0489,-30.793,220,5,1.1,0.9
702,2,0,0,0,0,0,1.0431,-9.8793,380,5,1.1,0.9
703,1,214.94,84.524,0,8.59,0,1.0267,-9.177,220,5,1.1,0.9
704,1,0,0,0,16.11,0,1.0429,-11.415,220,5,1.1,0.9
705,1,5.401,1.76,0,4.15,0,1.0142,-10.602,220,5,1.1,0.9
706,1,3.41,0.11,0,1.34,0,1.0404,-21.36,220,5,1.1,0.9
707,1,0,0,0,2.38,0,1.032,-8.4339,220,5,1.1,0.9
708,1,0,0,0,25.339,0,1.0145,-10.191,380,5,1.1,0.9
709,1,112.08,28.292,0,5.11,0,1.0687,-10.716,220,5,1.1,0.9
710,1,102.63,30.58,0,6.1,0,1.0356,-12.325,220,5,1.1,0.9
711,1,0,0,0,1.49,0,1.0321,-12.427,220,5,1.1,0.9
712,1,36.344,11.11,0,0.43,0,1.0373,-12.247,220,5,1.1,0.9
713,2,0,0,0,0,0,1.072,8.277,220,5,1.1,0.9
714,1,79.178,29.81,0,7.2,0,0.99123,-14.709,380,5,1.1,0.9
715,2,0,0,0,0,0,1.0673,-23.812,220,5,1.1,0.9
716,2,0,0,0,0,0,1.0319,1.2132,380,5,1.1,0.9
717,2,0,0,0,0,0,1.0671,-14.648,220,5,1.1,0.9
718,1,113.96,17.6,0,11.22,0,1.077,-24.358,220,5,1.1,0.9
719,1,189.09,43.01,0,4.23,0,1.0209,-5.6696,220,5,1.1,0.9
720,1,143.44,48.763,0,5.22,0,1.0237,-15.868,220,5,1.1,0.9
721,2,0,0,0,0,0,1.055,-13.889,220,5,1.1,0.9
722,1,50.105,-65.89,0,30.04,0,1.0407,-20.328,220,5,1.1,0.9
723,1,-31.031,-6.6,0,0.05,0,1.038,-12.814,220,5,1.1,0.9
724,1,72.347,30.03,0,0.49,0,1.0315,-3.4073,220,5,1.1,0.9
725,1,-0.638,-58.333,0,6.85,0,1.0761,-39.38,220,5,1.1,0.9
726,2,0,0,0,0,0,1.035,-15.898,220,5,1.1,0.9
727,1,183.04,55.44,0,1.23,0,1.0742,-26.35,220,5,1.1,0.9
728,1,82.478,21.78,0,6.47,0,1.0343,-12.233,220,5,1.1,0.9
729,1,137.68,32.12,0,2.69,0,1.0418,-13.303,220,5,1.1,0.9
730,1,55.066,10.89,0,11.56,0,1.0377,-21.273,220,5,1.1,0.9
731,1,16.401,-9.603,0,34.66,0,1.0366,-22.981,220,5,1.1,0.9
732,2,0,0,0,0,0,1.0573,-11.047,220,5,1.1,0.9
733,1,0,0,0,0.3,0,1.0365,-22.482,220,5,1.1,0.9
734,1,343.42,30.8,0,48.6,0,1.049,-30.7,220,5,1.1,0.9
735,1,62.436,34.21,0,0.37,0,1.044,-4.5493,220,5,1.1,0.9
736,1,120.89,36.96,0,3.72,0,1.0283,-12.898,220,5,1.1,0.9
737,1,240.57,-10.01,0,49,0,1.0367,-40.105,220,5,1.1,0.9
738,1,202.34,-7.117,0,5.74,0,1.0535,-1.6633,220,5,1.1,0.9
739,2,0,0,0,0,0,1.0454,-17.503,220,5,1.1,0.9
740,1,0,0,0,171.93,0,1.0643,-17.673,380,5,1.1,0.9
741,1,97.988,29.59,0,4.68,0,1.0239,-13.478,220,5,1.1,0.9
742,1,0,0,0,4.34,0,1.0716,-8.6742,220,5,1.1,0.9
743,1,19.657,-9.449,0,0.21,0,1.0421,-9.6766,220,5,1.1,0.9
744,2,0,0,0,0,0,1.0663,-15.375,220,5,1.1,0.9
745,1,0,0,0,40.292,0,1.0218,-15.304,380,5,1.1,0.9
746,1,0,0,0,8.3474,0,1.0214,-5.0191,380,5,1.1,0.9
747,2,0,0,0,0,0,1.0477,-12.918,220,5,1.1,0.9
748,1,150.26,31.9,0,2.05,0,1.02,-20.43,220,5,1.1,0.9
749,2,0,0,0,0,0,1.0374,-16.453,220,5,1.1,0.9
750,2,0,0,0,0,0,1.0219,-7.9723,380,5,1.1,0.9
751,1,34.023,6.38,0,4.45,0,1.055,-26.635,220,5,1.1,0.9
752,1,88.429,11.88,0,0.35,0,1.0393,-12.193,220,5,1.1,0.9
753,1,77.858,30.8,0,1.49,0,1.0108,-14.861,220,5,1.1,0.9
754,1,0,0,0,9.34,0,1.0583,1.5396,220,5,1.1,0.9
755,1,43.934,14.3,0,2.47,0,1.0713,-31.59,220,5,1.1,0.9
756,2,0,0,0,0,0,1.0321,-10.283,220,5,1.1,0.9
757,2,0,0,0,0,0,1.0555,-23.597,220,5,1.1,0.9
758,1,0,0,0,7.84,0,1.0746,-26.337,220,5,1.1,0.9
759,1,18.612,0,0,0.57,0,1.025,-16.37,220,5,1.1,0.9
760,2,0,0,0,0,0,1.0352,-3.1278,380,5,1.1,0.9
761,1,252.89,53.79,0,8.36,0,1.0131,-34.085,220,5,1.1,0.9
762,1,0,0,0,8.19,0,1.0451,-21.03,220,5,1.1,0.9
763,1,197.78,6.237,0,12.83,0,1.0495,-30.437,220,5,1.1,0.9
764,1,0,0,0,0.18,0,1.0425,-7.992,220,5,1.1,0.9
765,1,0,0,0,0.2,0,1.0435,-11,220,5,1.1,0.9
766,1,271.48,39.93,0,16.01,0,1.0466,-26.372,220,5,1.1,0.9
767,1,0,0,0,0.89,0,1.0299,-5.8409,220,5,1.1,0.9
768,1,0,0,0,14.04,0,1.0406,-10.965,220,5,1.1,0.9
769,2,0,0,0,0,0,1.0527,-14.751,220,5,1.1,0.9
770,1,0,0,0,70.905,0,1.0303,-3.6165,380,5,1.1,0.9
771,1,100.1,39.6,0,5.47,0,1.0043,-16.655,220,5,1.1,0.9
772,1,0,0,0,0.18,0,1.0478,-6.2823,220,5,1.1,0.9
773,1,0,0,0,7.4,0,1.0407,-21.119,220,5,1.1,0.9
774,2,0,0,0,0,0,1.042,-24.259,220,5,1.1,0.9
775,1,18.942,5.61,0,0.99,0,1.0374,-22.165,220,5,1.1,0.9
776,1,0,0,0,3.06,0,0.99895,-15.122,380,5,1.1,0.9
777,1,60.786,12.1,0,7.68,0,1.0414,-24.363,220,5,1.1,0.9
778,1,0,0,0,1.3,0,1.0452,-10.991,220,5,1.1,0.9
779,1,0,0,0,42.192,0,0.98449,-18.19,380,5,1.1,0.9
780,1,322.52,96.14,0,26.36,0,1.0287,-44.347,220,5,1.1,0.9
781,1,19.272,7.26,0,3.79,0,1.0338,-12.747,220,5,1.1,0.9
782,2,0,0,0,0,0,1.0549,-11.155,220,5,1.1,0.9
783,1,70.697,19.25,0,0.43,0,1.0111,-21.653,220,5,1.1,0.9
784,1,0,0,0,28.208,0,0.98153,-24.399,380,5,1.1,0.9
785,1,0,0,0,3.28,0,1.0346,-14.137,220,5,1.1,0.9
786,1,77.198,21.45,0,3.59,0,1.0455,-8.644,220,5,1.1,0.9
787,1,168,-18.92,0,45.85,0,1.0437,-24.236,220,5,1.1,0.9
788,2,0,0,0,0,0,1.0618,-11.419,220,5,1.1,0.9
789,2,0,0,0,0,0,1.108,-6.8158,380,5,1.3,0.7
790,1,0,0,0,24.7,0,1.0485,-24.463,220,5,1.1,0.9
791,1,175.45,46.2,0,2.3,0,1.0134,-14.764,220,5,1.1,0.9
792,1,0,0,0,9.43,0,1.0659,-15.421,220,5,1.1,0.9
793,2,0,0,0,0,0,1.0481,-27.331,220,5,1.1,0.9
794,1,265.78,58.058,0,0.82,0,1.0256,-14.013,220,5,1.1,0.9
795,1,76.758,28.6,0,5.18,0,1.0457,-21.375,220,5,1.1,0.9
796,1,0,0,0,5.57,0,1.036,-18.036,220,5,1.1,0.9
797,1,36.014,5.83,0,3.07,0,1.0578,-12.05,220,5,1.1,0.9
798,1,0,0,0,3.96,0,1.0377,-21.274,220,5,1.1,0.9
799,1,384.23,158.73,0,0.54,0,1.0212,-15.134,220,5,1.1,0.9
800,1,62.656,2.134,0,26.48,0,1.0244,-22.859,380,5,1.1,0.9
801,1,0,0,0,0.92,0,0.99894,-15.122,380,5,1.1,0.9
802,1,151.81,38.005,0,8.44,0,1.0378,-2.8202,220,5,1.1,0.9
803,1,0,0,0,5.27,0,1.0425,-7.9919,220,5,1.1,0.9
804,1,0,0,0,9.09,0,1.0389,-21.425,220,5,1.1,0.9
805,1,-17.479,-7.062,0,38.657,0,0.99299,-17.925,380,5,1.1,0.9
806,2,0,0,0,0,0,1.0621,-18.414,380,5,1.1,0.9
807,1,117.26,-20.68,0,4.1,0,1.0674,-38.728,220,5,1.1,0.9
808,1,0,0,0,18.02,0,1.0754,-26.167,220,5,1.1,0.9
809,2,0,0,0,0,0,1.0637,-8.9339,380,5,1.1,0.9
810,2,0,0,0,0,0,1.0445,-7.3175,220,5,1.1,0.9
811,2,0,0,0,0,0,1.0596,4.4959,380,5,1.1,0.9
812,2,0,0,0,0,0,1.0419,-29.886,220,5,1.1,0.9
813,2,0,0,0,0,0,1.0688,-15.202,380,5,1.1,0.9
814,1,0,0,0,0.58,0,1.0385,-20.513,220,5,1.1,0.9
815,1,0,0,0,1.98,0,1.0488,-24.524,220,5,1.1,0.9
816,1,0,0,0,1.18,0,1.0689,0.70122,220,5,1.1,0.9
817,1,259.96,65.285,0,18.71,0,1.0391,-14.018,220,5,1.1,0.9
818,1,0,0,0,0.36,0,1.0378,-2.8204,220,5,1.1,0.9
819,2,0,0,0,0,0,1.0382,-13.664,220,5,1.1,0.9
820,2,0,0,0,0,0,1.0538,-23.674,220,5,1.1,0.9
821,1,0,0,0,10.83,0,1.0512,-25.756,220,5,1.1,0.9
822,2,0,0,0,0,0,1.0412,-12.599,220,5,1.1,0.9
823,1,0,0,0,3.59,0,1.0178,-18.931,220,5,1.1,0.9
824,1,0,0,0,1.01,0,1.0365,-22.482,220,5,1.1,0.9
825,1,0,0,0,2.94,0,1.059,-23.28,220,5,1.1,0.9
826,1,109.67,6.6,0,2.06,0,1.0392,-11.858,220,5,1.1,0.9
827,1,0,0,0,0,0,1.0573,2.4036,220,5,1.1,0.9
828,1,0,0,0,173.9,0,1.0349,-30.808,380,5,1.1,0.9
829,1,109.45,10.12,0,27.55,0,1.0458,-24.168,220,5,1.1,0.9
830,1,247.72,38.72,0,11.99,0,1.0763,-35.225,220,5,1.1,0.9
831,1,0,0,0,0.53,0,1.0303,-32.492,220,5,1.1,0.9
832,1,0,0,0,11.52,0,1.0436,-4.0855,220,5,1.1,0.9
833,1,0,0,0,5.98,0,1.0498,-26.047,220,5,1.1,0.9
834,1,0,0,0,115.53,0,0.99523,-13.452,380,5,1.1,0.9
835,1,106.25,8.008,0,2.52,0,1.0455,-7.661,220,5,1.1,0.9
836,2,0,0,0,0,0,1.0177,-23.665,380,5,1.1,0.9
837,2,0,0,0,0,0,1.0705,0.95653,220,5,1.1,0.9
838,1,137.28,38.17,0,3.66,0,1.0461,-10.744,220,5,1.1,0.9
839,1,57.486,21.56,0,2.64,0,1.0305,-10.224,220,5,1.1,0.9
840,1,15.532,5.72,0,1.44,0,1.0339,-8.0797,220,5,1.1,0.9
841,1,214.61,-15.62,0,12.89,0,1.0614,-45.227,220,5,1.1,0.9
842,1,157.08,22.33,0,6.77,0,1.0476,-27.138,220,5,1.1,0.9
843,1,0,0,0,0.59,0,1.0491,-6.5222,220,5,1.1,0.9
844,2,0,0,0,0,0,1.0271,-8.5258,380,5,1.1,0.9
845,1,201.38,49.115,0,2.77,0,1.0445,-4.5781,220,5,1.1,0.9
846,1,371.36,-16.94,0,6.27,0,1.0457,-24.989,220,5,1.1,0.9
847,1,155.32,49.94,0,7.55,0,1.0451,-9.6408,220,5,1.1,0.9
848,1,177.43,11.044,0,4.38,0,1.0603,-26.902,220,5,1.1,0.9
849,1,0,0,0,8.13,0,1.0138,-10.544,220,5,1.1,0.9
850,1,0,0,0,4.28,0,1.0522,-24.123,220,5,1.1,0.9
851,1,0,0,0,1.81,0,1.034,-3.2136,220,5,1.1,0.9
852,1,109.34,4.73,0,3.69,0,1.035,-25.336,220,5,1.1,0.9
853,2,0,0,0,0,0,1.0396,-11.755,380,5,1.1,0.9
854,1,0,0,0,0.35,0,1.0056,-16.021,220,5,1.1,0.9
855,1,0,0,0,1.38,0,1.0439,-32.266,220,5,1.1,0.9
856,1,0,0,0,0.35,0,1.0438,-14.004,220,5,1.1,0.9
857,2,0,0,0,0,0,1.0441,-11.822,220,5,1.1,0.9
858,1,268.5,53.812,0,5.96,0,1.0403,-12.028,220,5,1.1,0.9
859,1,0,0,0,132.05,0,1.0198,-10.149,380,5,1.1,0.9
860,1,134.75,42.79,0,0.84,0,1.0428,-7.4646,220,5,1.1,0.9
861,2,0,0,0,0,0,1.0384,-11.615,220,5,1.1,0.9
862,1,86.229,23.32,0,0.97,0,1.0577,-21.071,220,5,1.1,0.9
863,2,0,0,0,0,0,1.0656,-10.396,220,5,1.1,0.9
864,1,15.422,6.05,0,3.3,0,1.0366,-12.109,220,5,1.1,0.9
865,1,204.71,16.28,0,17.28,0,1.0469,-8.4773,220,5,1.1,0.9
866,1,81.213,18.051,0,15.77,0,1.0534,-25.788,220,5,1.1,0.9
867,1,0,0,0,3.98,0,1.0721,-47.921,220,5,1.1,0.9
868,1,0,0,0,5.75,0,1.065,-22.145,220,5,1.1,0.9
869,2,0,0,0,0,0,1.0301,-14.582,220,5,1.1,0.9
870,1,79.068,23.87,0,9.63,0,1.0596,-25.873,220,5,1.1,0.9
871,1,228.87,40.26,0,3.55,0,1.0255,-16.21,220,5,1.1,0.9
872,2,0,0,0,0,0,1.0701,4.9385,380,5,1.3,0.7
873,2,0,0,0,0,0,1.066,-14.887,380,5,1.1,0.9
874,1,26.444,1.848,0,4.02,0,1.0368,-13.937,220,5,1.1,0.9
875,1,0,0,0,4.53,0,1.0231,-10.219,220,5,1.1,0.9
876,1,0,0,0,2.75,0,1.0435,-11,220,5,1.1,0.9
877,2,0,0,0,0,0,1.0292,-15.421,220,5,1.1,0.9
878,1,0,0,0,1.35,0,1.0814,-23.128,220,5,1.1,0.9
879,1,0,0,0,2.22,0,1.0416,-15.751,220,5,1.1,0.9
880,2,0,0,0,0,0,1.0437,-0.8997,380,5,1.1,0.9
881,1,0,0,0,0.53,0,1.0721,-47.921,220,5,1.1,0.9
882,1,453.31,87.23,0,7.73,0,1.0581,-26.592,220,5,1.1,0.9
883,1,179.85,39.16,0,4.59,0,1.0357,-16.34,220,5,1.1,0.9
884,1,113.3,44.22,0,1.13,0,1.0268,-10.859,220,5,1.1,0.9
885,1,102.43,5.489,0,0.18,0,1.0564,-12.076,220,5,1.1,0.9
886,1,86.449,17.6,0,1.87,0,1.0569,-35.945,220,5,1.1,0.9
887,1,49.808,16.797,0,7.88,0,1.0242,-9.3064,220,5,1.1,0.9
888,1,0,0,0,8.78,0,1.0488,-10.299,220,5,1.1,0.9
889,1,0,0,0,1.18,0,1.0285,-11.274,220,5,1.1,0.9
890,1,243.38,79.816,0,8.23,0,1.0391,-15.996,220,5,1.1,0.9
891,1,0,0,0,3.15,0,1.0284,-12.08,220,5,1.1,0.9
892,1,66.737,36.52,0,0.31,0,1.0325,-24.013,220,5,1.1,0.9
893,2,0,0,0,0,0,0.98811,-14.901,380,5,1.1,0.9
894,1,0,0,0,4.96,0,1.0362,-21.959,220,5,1.1,0.9
895,2,0,0,0,0,0,1.0403,-13.438,220,5,1.1,0.9
896,1,100.1,31.24,0,10.57,0,1.0402,-24.602,220,5,1.1,0.9
897,1,0,0,0,3.14,0,1.0262,-16.329,220,5,1.1,0.9
898,1,-5.302,-0.968,0,224.85,0,1.0726,-12.599,380,5,1.1,0.9
899,1,15.422,6.16,0,2.34,0,1.0703,-27.354,220,5,1.1,0.9
900,1,-8.382,-2.772,0,33.198,0,1.0376,0.03956,380,5,1.1,0.9
901,1,0,0,0,0.22,0,1.0338,-12.747,220,5,1.1,0.9
902,1,255.09,30.36,0,0.36,0,1.0553,-22.932,220,5,1.1,0.9
903,1,0,0,0,58.991,0,1.0005,-12.907,380,5,1.1,0.9
904,1,0,0,0,11.5,0,1.0343,-8.0325,220,5,1.1,0.9
905,1,54.175,13.2,0,7.28,0,1.0429,-25.795,220,5,1.1,0.9
906,1,0,0,0,6.31,0,1.0757,-34.242,220,5,1.1,0.9
907,1,1946.9,-389.35,0,62.59,0,1.0457,-36.413,380,5,1.1,0.9
908,1,181.17,48.95,0,3.67,0,1.0204,-29.886,220,5,1.1,0.9
909,1,141.68,32.23,0,26.74,0,1.0432,-25.754,220,5,1.1,0.9
910,1,100.43,19.91,0,3.05,0,1.0412,-24.395,220,5,1.1,0.9
911,1,4.07,2.86,0,4.45,0,1.0545,-20.104,220,5,1.1,0.9
912,1,52.415,22.44,0,3.63,0,1.0626,-12.829,220,5,1.1,0.9
913,2,0,0,0,0,0,1.0406,-23.84,220,5,1.1,0.9
914,1,0,0,0,2.13,0,1.0772,-24.298,220,5,1.1,0.9
915,1,0,0,0,0.05,0,1.0447,-25.545,220,5,1.1,0.9
916,1,53.845,16.39,0,4.04,0,1.0339,-23.916,220,5,1.1,0.9
917,2,0,0,0,0,0,1.0522,-0.84589,220,5,1.1,0.9
918,2,0,0,0,0,0,1.0622,-11.259,220,5,1.1,0.9
919,1,0,0,0,8.26,0,1.0907,-9.6632,380,5,1.1,0.9
920,2,0,0,0,0,0,1.0644,-16.195,220,5,1.1,0.9
921,1,473.88,118.69,0,11.64,0,0.98645,-24.787,220,5,1.1,0.9
922,2,0,0,0,0,0,1.0438,-8.2973,220,5,1.1,0.9
923,1,0,0,0,0.35,0,1.0462,-0.83464,220,5,1.1,0.9
924,2,0,0,0,0,0,1.0467,-0.30403,220,5,1.1,0.9
925,1,82.973,11.539,0,7.91,0,1.042,-9.6534,220,5,1.1,0.9
926,1,175.89,52.14,0,3.65,0,1.043,-1.6501,220,5,1.1,0.9
927,1,84.128,21.78,0,5.41,0,1.0166,-16.052,220,5,1.1,0.9
928,1,74.437,18.04,0,3.7,0,1.0444,-9.5443,220,5,1.1,0.9
929,1,11.231,4.18,0,4.6,0,1.055,1.5251,220,5,1.1,0.9
930,1,91.509,25.19,0,28.5,0,1.0048,-13.123,380,5,1.1,0.9
931,2,0,0,0,0,0,1.0396,-18.343,220,5,1.1,0.9
932,1,0,0,0,6.03,0,1.0522,-28.929,220,5,1.1,0.9
933,1,6.061,2.31,0,1.92,0,1.0102,-10.934,220,5,1.1,0.9
934,1,22.572,14.63,0,0.17,0,1.0383,-22.056,220,5,1.1,0.9
935,1,0,0,0,9.93,0,1.0428,-24.004,220,5,1.1,0.9
936,2,0,0,0,0,0,1.0656,-7.8087,220,5,1.1,0.9
937,1,0,0,0,149.05,0,1.0265,-8.702,380,5,1.1,0.9
938,1,155.32,38.28,0,2.37,0,1.0121,-14.391,220,5,1.1,0.9
939,1,34.914,19.14,0,0.89,0,1.0485,-3.9898,220,5,1.1,0.9
940,1,54.626,13.53,0,2.2,0,1.0431,-21.768,220,5,1.1,0.9
941,1,97.02,29.37,0,8.91,0,1.0501,-26.339,220,5,1.1,0.9
942,2,0,0,0,0,0,1.0525,-3.6019,220,5,1.1,0.9
943,1,0,0,0,2.3,0,1.0467,-4.7384,220,5,1.1,0.9
944,1,132.76,19.91,0,15.46,0,1.0757,-31.435,220,5,1.1,0.9
945,2,0,0,0,0,0,1.0488,-21.141,220,5,1.1,0.9
946,1,-41.591,-23.804,0,83.362,0,1.0089,-43.693,380,5,1.1,0.9
947,1,0,0,0,4.61,0,1.0521,-12.68,220,5,1.1,0.9
948,1,0,0,0,8.94,0,1.0406,-24.65,220,5,1.1,0.9
949,1,0,0,0,4.05,0,1.0336,-7.248,220,5,1.1,0.9
950,1,0,0,0,32.43,0,1.0456,-20.766,220,5,1.1,0.9
951,1,169.18,25.74,0,87.73,0,1.0429,-2.4474,380,5,1.1,0.9
952,1,45.254,16.775,0,3.96,0,1.048,-31.701,220,5,1.1,0.9
953,1,0,0,0,3.06,0,1.0449,-15.904,220,5,1.1,0.9
954,1,0,0,0,10.67,0,1.0503,-15.386,220,5,1.1,0.9
955,1,-41.063,-13.068,0,145.18,0,1.0587,4.2608,380,5,1.1,0.9
956,1,68.893,17.93,0,2.03,0,1.0544,-11.4,220,5,1.1,0.9
957,1,147.51,27.28,0,13.73,0,1.0395,-24.153,220,5,1.1,0.9
958,1,0,0,0,0.31,0,1.0366,0.57722,220,5,1.1,0.9
959,1,67.815,11.264,0,3.48,0,1.0204,-14.951,220,5,1.1,0.9
960,1,426.84,57.871,0,2.87,0,1.0504,-2.4531,220,5,1.1,0.9
961,1,-28.633,-0.924,0,0.1,0,1.0618,-11.406,220,5,1.1,0.9
962,1,0,0,0,10.68,0,1.0697,-46.294,220,5,1.1,0.9
963,1,41.734,8.25,0,11.89,0,1.0353,-23.29,220,5,1.1,0.9
964,1,0,0,0,9.84,0,1.0447,-25.545,220,5,1.1,0.9
965,1,46.805,13.75,0,1.26,0,1.084,-34.063,220,5,1.1,0.9
966,1,11.363,3.63,0,4.65,0,1.0244,-15.581,220,5,1.1,0.9
967,1,339.9,81.95,0,3.69,0,1.0463,-37.1,220,5,1.1,0.9
968,1,0,0,0,0.3,0,1.0462,-0.83461,220,5,1.1,0.9
969,1,0,0,0,1.58,0,1.0325,-9.4648,220,5,1.1,0.9
970,1,0,0,0,2.18,0,1.0383,-21.079,220,5,1.1,0.9
971,2,0,0,0,0,0,1.0615,-3.4726,220,5,1.1,0.9
972,1,0,0,0,0.4,0,1.042,-1.2927,380,5,1.1,0.9
973,1,0,0,0,9.74,0,1.0211,-10.533,220,5,1.1,0.9
974,1,-5.401,-2.783,0,120.58,0,1.0294,-24.782,380,5,1.1,0.9
975,1,151.14,26.29,0,7.26,0,1.0379,-21.503,220,5,1.1,0.9
976,1,268.53,104.82,0,7.55,0,1.0335,-10.221,220,5,1.1,0.9
977,1,0,0,0,6.57,0,1.0408,-1.1788,380,5,1.1,0.9
978,1,0,0,0,5.46,0,1.0438,-24.237,220,5,1.1,0.9
979,1,67.507,25.52,0,0.22,0,1.0454,-24.097,220,5,1.1,0.9
980,1,0,0,0,2.18,0,1.042,-24.274,220,5,1.1,0.9
981,1,0,0,0,8.9,0,1.0541,-0.78459,220,5,1.1,0.9
982,1,50.985,10.01,0,18.2,0,1.0469,-25.227,220,5,1.1,0.9
983,1,0,0,0,7.43,0,1.0347,-6.0548,220,5,1.1,0.9
984,1,149.42,17.567,0,4.57,0,1.0466,-21.265,220,5,1.1,0.9
985,2,0,0,0,0,0,1.006,-16.619,220,5,1.1,0.9
986,2,0,0,0,0,0,1.0538,-24.151,220,5,1.1,0.9
987,2,0,0,0,0,0,1.0496,-6.6509,220,5,1.1,0.9
988,1,63.976,18.15,0,6.24,0,1.0372,-13.397,220,5,1.1,0.9
989,2,0,0,0,0,0,1.0313,-9.7858,220,5,1.1,0.9
990,1,52.525,12.1,0,0.05,0,1.0503,-7.9144,220,5,1.1,0.9
991,1,107.8,23.87,0,6,0,1.0378,-8.4464,220,5,1.1,0.9
992,1,0,0,0,1.04,0,1.016,-29.285,220,5,1.1,0.9
993,2,0,0,0,0,0,1.0552,-11.135,220,5,1.1,0.9
994,1,48.785,21.23,0,3.25,0,1.0531,-4.6177,220,5,1.1,0.9
995,2,0,0,0,0,0,1.0313,-19.802,220,5,1.1,0.9
996,1,0,0,0,0,0,1.0549,-11.343,220,5,1.1,0.9
997,2,0,0,0,0,0,1.0214,-8.5993,380,5,1.1,0.9
998,1,0,0,0,1.36,0,1.0453,-4.4607,220,5,1.1,0.9
999,1,0,0,0,3.13,0,1.0452,-3.0971,220,5,1.1,0.9
1000,2,0,0,0,0,0,1.0392,-13.671,220,5,1.1,0.9
1001,1,-13.739,-6.413,0,6.2352,0,1.04,2.4146,380,5,1.1,0.9
1002,1,149.17,29.546,0,1.93,0,1.0422,-14.327,220,5,1.1,0.9
1003,1,194.48,43.34,0,28.24,0,1.0564,-16.592,380,5,1.1,0.9
1004,1,-41.624,-21.153,0,28.14,0,1.011,-32.146,380,5,1.1,0.9
1005,1,0,0,0,3.01,0,1.0378,-40.114,220,5,1.1,0.9
1006,1,134.75,9.57,0,15.85,0,1.0361,-23.129,220,5,1.1,0.9
1007,1,-41.074,-14.663,0,251.53,0,1.0361,-1.6088,380,5,1.1,0.9
1008,1,124.96,49.17,0,1.91,0,1.0365,-8.6221,220,5,1.1,0.9
1009,1,136.95,111.54,0,0.53,0,1.0332,-12.416,220,5,1.1,0.9
1010,1,0,0,0,10.46,0,1.0572,-27.586,220,5,1.1,0.9
1011,2,0,0,0,0,0,1.0514,-3.7499,220,5,1.1,0.9
1012,1,198.99,36.52,0,29.17,0,1.0749,-25.159,220,5,1.1,0.9
1013,1,19.932,11,0,1.03,0,1.0339,-20.057,220,5,1.1,0.9
1014,1,62.216,20.24,0,3.29,0,1.0467,-0.041292,220,5,1.1,0.9
1015,2,0,0,0,0,0,1.0595,-23.158,220,5,1.1,0.9
1016,2,0,0,0,0,0,1.0365,-20.798,220,5,1.1,0.9
1017,1,0,0,0,1.91,0,1.0463,-24.006,220,5,1.1,0.9
1018,1,0,0,0,4.54,0,1.0494,-24.092,220,5,1.1,0.9
1019,1,0,0,0,0.3,0,1.0428,-2.6038,220,5,1.1,0.9
1020,1,57.816,14.08,0,2.87,0,1.0426,-25.819,220,5,1.1,0.9
1021,1,249.48,58.63,0,3.26,0,1.0059,-17.187,220,5,1.1,0.9
1022,1,0,0,0,0.19,0,1.0656,-7.8087,220,5,1.1,0.9
1023,2,0,0,0,0,0,1.0412,-12.591,220,5,1.1,0.9
1024,1,243.08,100.1,0,1.16,0,1.055,-30.089,220,5,1.1,0.9
1025,1,373.89,77.55,0,28.91,0,1.0365,-21.901,220,5,1.1,0.9
1026,2,0,0,0,0,0,1.0497,-14.344,220,5,1.1,0.9
1027,1,132,28.6,0,22.01,0,1.0378,-21.239,220,5,1.1,0.9
1028,1,122.1,40.26,0,2.21,0,1.0478,-12.393,220,5,1.1,0.9
1029,2,0,0,0,0,0,1.0066,-4.2799,380,5,1.1,0.9
1030,1,284.67,47.102,0,9.28,0,1.0417,-7.9714,220,5,1.1,0.9
1031,1,157.19,28.38,0,24.18,0,1.0515,-13.393,220,5,1.1,0.9
1032,1,0,0,0,0.36,0,1.0325,-12.401,220,5,1.1,0.9
1033,1,49.115,9.68,0,20.17,0,1.0481,-25.099,220,5,1.1,0.9
1034,1,0,0,0,7.17,0,1.0404,-2.2606,220,5,1.1,0.9
1035,2,0,0,0,0,0,1.0087,-16.289,220,5,1.1,0.9
1036,1,164.48,38.39,0,8.9,0,1.0115,-16.337,220,5,1.1,0.9
1037,1,0,0,0,16.73,0,1.0718,-27.186,220,5,1.1,0.9
1038,1,36.674,5.5,0,0.38,0,1.0376,-2.8409,220,5,1.1,0.9
1039,1,244.2,99.55,0,0.16,0,1.0174,-15.91,220,5,1.1,0.9
1040,1,112.53,20.9,0,1.84,0,1.0349,-14.267,220,5,1.1,0.9
1041,1,9.328,-2.002,0,0.37,0,1.0301,-13.009,220,5,1.1,0.9
1042,1,0,0,0,10.89,0,1.0508,-23.312,220,5,1.1,0.9
1043,2,0,0,0,0,0,1.0596,4.5009,380,5,1.1,0.9
1044,1,0,0,0,2.48,0,1.0517,-13.395,220,5,1.1,0.9
1045,1,0,0,0,2.9,0,1.05,-24.866,220,5,1.1,0.9
1046,1,-20.46,-7.392,0,152.68,0,1.0274,-22.064,380,5,1.1,0.9
1047,1,0,0,0,9.26,0,1.071,-34.202,220,5,1.1,0.9
1048,1,0,0,0,2.45,0,1.0175,-14.251,220,5,1.1,0.9
1049,2,0,0,0,0,0,1.1077,-6.8687,380,5,1.3,0.7
1050,1,20.482,6.71,0,2,0,1.0507,-3.9378,220,5,1.1,0.9
1051,2,0,0,0,0,0,1.0511,-6.5337,220,5,1.1,0.9
1052,1,0,0,0,5,0,1.069,-23.828,220,5,1.1,0.9
1053,1,158.4,34.43,0,3.18,0,1.0222,-15.531,220,5,1.1,0.9
1054,1,0,0,0,0.05,0,1.04,-11.496,220,5,1.1,0.9
1055,1,8.261,3.41,0,0,0,1.0487,-2.4462,220,5,1.1,0.9
1056,1,431.48,101.22,0,9.45,0,1.0226,-35.395,220,5,1.1,0.9
1057,1,90.629,0,0,0.15,0,1.0654,-7.8769,220,5,1.1,0.9
1058,1,0,0,0,3.42,0,1.0428,-10.974,220,5,1.1,0.9
1059,1,0,0,0,2.12,0,1.033,-5.4855,220,5,1.1,0.9
1060,2,0,0,0,0,0,1.0108,-7.6921,380,5,1.1,0.9
1061,1,241.56,40.04,0,17.89,0,1.0429,-24.323,220,5,1.1,0.9
1062,1,60.423,18.15,0,6.75,0,1.0402,-3.8997,220,5,1.1,0.9
1063,2,0,0,0,0,0,1.0345,-4.6812,380,5,1.1,0.9
1064,1,0,0,0,0,0,1.0946,-0.86993,220,5,1.1,0.9
1065,1,0,0,0,26.5,0,1.054,-6.1744,220,5,1.1,0.9
1066,1,0,0,0,1.32,0,1.0549,-11.343,220,5,1.1,0.9
1067,1,0,0,0,0.09,0,1.0447,-7.2841,220,5,1.1,0.9
1068,1,0,0,0,0.41,0,1.0521,-12.68,220,5,1.1,0.9
1069,2,0,0,0,0,0,1.0432,-18.074,220,5,1.1,0.9
1070,2,0,0,0,0,0,0.99967,-14.476,380,5,1.1,0.9
1071,1,0,0,0,2.98,0,1.0459,-14.744,220,5,1.1,0.9
1072,1,41.184,0,0,0.67,0,1.0401,-2.4024,220,5,1.1,0.9
1073,1,185.9,77.88,0,5.23,0,1.0184,-16.108,220,5,1.1,0.9
1074,1,67.837,17.93,0,0.05,0,1.0376,-2.8443,220,5,1.1,0.9
1075,1,140.03,29.37,0,7.02,0,0.98594,-22.421,220,5,1.1,0.9
1076,1,0,0,0,14.29,0,1.0538,-15.272,220,5,1.1,0.9
1077,1,1.65,0.44,0,0.15,0,1.0286,-18.906,220,5,1.1,0.9
1078,1,0,0,0,1.81,0,1.072,-23.601,220,5,1.1,0.9
1079,1,0,0,0,0.63,0,1.0142,-16.13,220,5,1.1,0.9
1080,1,116.24,0.616,0,18.05,0,0.99202,-14.571,380,5,1.1,0.9
1081,1,0,0,0,5.68,0,1.0197,-19.557,220,5,1.1,0.9
1082,1,72.237,28.16,0,2.34,0,1.0337,-10.806,220,5,1.1,0.9
1083,1,20.152,5.83,0,7.32,0,1.0438,-25.646,220,5,1.1,0.9
1084,1,133.43,22.77,0,2.39,0,1.0359,-12.728,220,5,1.1,0.9
1085,1,217.42,31.053,0,5.87,0,1.0411,-12.617,220,5,1.1,0.9
1086,2,0,0,0,0,0,1.0573,-34.872,220,5,1.1,0.9
1087,1,-20.845,-7.623,0,33.114,0,1.0206,-6.2795,380,5,1.1,0.9
1088,1,124.78,78.562,0,11.08,0,1.0353,-16.025,220,5,1.1,0.9
1089,2,0,0,0,0,0,1.0271,-14.201,220,5,1.1,0.9
1090,1,48.785,11.88,0,8.72,0,1.0426,-25.827,220,5,1.1,0.9
1091,1,0,0,0,4.29,0,1.0122,-21.475,220,5,1.1,0.9
1092,2,0,0,0,0,0,1.0353,-15.197,220,5,1.1,0.9
1093,1,4.4,0.88,0,17.65,0,1.0491,-24.088,220,5,1.1,0.9
1094,1,0,0,0,38.549,0,0.99301,-15.031,380,5,1.1,0.9
1095,1,107.77,34.98,0,5.02,0,1.0368,-10.798,220,5,1.1,0.9
1096,2,0,0,0,0,0,1.0374,-9.1233,380,5,1.1,0.9
1097,2,0,0,0,0,0,0.99994,-10.954,380,5,1.1,0.9
1098,1,0,0,0,2.11,0,1.0522,-0.72038,220,5,1.1,0.9
1099,1,0,0,0,31.242,0,1.0469,-19.82,380,5,1.1,0.9
1100,1,0,0,0,17.184,0,0.98998,-15.625,380,5,1.1,0.9
1101,1,44.935,17.27,0,2.08,0,1.0537,-12.373,220,5,1.1,0.9
1102,1,381.06,97.944,0,43.55,0,1.0541,-16.466,380,5,1.1,0.9
1103,1,0,0,0,13.9,0,1.0449,-13.986,220,5,1.1,0.9
1104,1,0,0,0,0.5,0,1.0403,-12.028,220,5,1.1,0.9
1105,1,0,0,0,6.69,0,1.0481,-10.467,220,5,1.1,0.9
1106,1,150.59,12.54,0,3.05,0,1.048,-26.502,220,5,1.1,0.9
1107,1,0,0,0,0.17,0,1.057,-11.956,220,5,1.1,0.9
1108,1,0,0,0,3.44,0,1.0358,-24.451,220,5,1.1,0.9
1109,1,5.511,1.98,0,3.68,0,1.0474,-0.93601,220,5,1.1,0.9
1110,1,0,0,0,2.13,0,1.0347,-6.0551,220,5,1.1,0.9
1111,1,36.014,11.55,0,1.78,0,1.0159,-20.904,220,5,1.1,0.9
1112,1,86.779,50.16,0,0.04,0,1.0323,-12.417,220,5,1.1,0.9
1113,1,0,0,0,1.86,0,1.05,-7.8916,220,5,1.1,0.9
1114,1,75.658,38.5,0,34.52,0,1.0331,-6.0056,380,5,1.1,0.9
1115,2,0,0,0,0,0,1.0514,-6.2435,220,5,1.1,0.9
1116,1,0,0,0,0.1,0,1.0638,-20.174,220,5,1.1,0.9
1117,1,37.334,12.54,0,0,0,1.0368,-22.767,220,5,1.1,0.9
1118,1,40.854,2.97,0,2.33,0,1.0422,-11.956,220,5,1.1,0.9
1119,1,0,0,0,96.48,0,1.0268,-3.9443,380,5,1.1,0.9
1120,1,-16.456,-5.17,0,0.04,0,1.0271,-14.861,220,5,1.1,0.9
1121,2,0,0,0,0,0,1.0524,-3.583,220,5,1.1,0.9
1122,1,72.787,30.14,0,14.12,0,1.0184,-10.528,220,5,1.1,0.9
1123,1,0,0,0,11.68,0,1.0252,-16.314,220,5,1.1,0.9
1124,1,0,0,0,2.03,0,1.0183,-10.493,220,5,1.1,0.9
1125,1,35.024,10.12,0,5.23,0,1.0278,-21.848,220,5,1.1,0.9
1126,1,576.95,138.6,0,7.45,0,1.0304,-18.413,220,5,1.1,0.9
1127,1,86.779,28.16,0,1.6,0,1.0333,-12.69,220,5,1.1,0.9
1128,1,228.69,35.596,0,8.31,0,1.0311,-44.334,220,5,1.1,0.9
1129,1,245.96,56.98,0,18.45,0,1.0538,-25.616,220,5,1.1,0.9
1130,1,166.65,8.69,0,5,0,1.055,-28.678,220,5,1.1,0.9
1131,2,0,0,0,0,0,1.0723,6.181,380,5,1.3,0.7
1132,1,168.3,23.65,0,28.85,0,1.0576,-16.51,380,5,1.1,0.9
1133,1,0,0,0,1.33,0,1.0301,-12.988,220,5,1.1,0.9
1134,1,0,0,0,2.09,0,1.0511,-24.097,220,5,1.1,0.9
1135,2,0,0,0,0,0,1.0546,-0.18804,380,5,1.1,0.9
1136,1,186.45,30.47,0,3.04,0,1.025,-11.539,220,5,1.1,0.9
1137,1,10.131,3.74,0,2.63,0,1.0478,-6.2823,220,5,1.1,0.9
1138,1,-18.887,-7.81,0,57.02,0,1.0112,-11.418,380,5,1.1,0.9
1139,1,-21.208,32.89,0,1.6,0,1.049,-2.4143,220,5,1.1,0.9
1140,2,0,0,0,0,0,1.0019,-12.535,380,5,1.1,0.9
1141,1,0,0,0,1.55,0,1.0405,-8.8781,220,5,1.1,0.9
1142,1,0,0,0,2.36,0,1.0505,0.17044,220,5,1.1,0.9
1143,1,0,0,0,9.74,0,1.0406,-21.116,220,5,1.1,0.9
1144,1,93.489,21.56,0,4.32,0,1.0743,-26.369,220,5,1.1,0.9
1145,1,-23.034,-6.776,0,11.99,0,1.0212,-15.229,220,5,1.1,0.9
1146,1,0,0,0,7.99,0,1.0556,-14.956,220,5,1.1,0.9
1147,1,52.305,19.58,0,0.32,0,1.0509,-28.789,220,5,1.1,0.9
1148,1,156.64,22,0,2.42,0,1.0378,-21.111,220,5,1.1,0.9
1149,1,178.75,46.97,0,12.79,0,1.0181,-19.304,220,5,1.1,0.9
1150,1,40.634,12.1,0,0.52,0,1.0538,-11.294,220,5,1.1,0.9
1151,1,372.57,57.75,0,11.36,0,1.0598,-19.561,220,5,1.1,0.9
1152,1,0,0,0,7.78,0,1.0728,-41.999,220,5,1.1,0.9
1153,1,381.81,95.92,0,88.35,0,1.0467,-17.893,380,5,1.1,0.9
1154,2,0,0,0,0,0,1.0638,-8.9062,380,5,1.1,0.9
1155,1,0,0,0,0.97,0,1.0386,-22.139,220,5,1.1,0.9
1156,1,61.666,18.7,0,2.4,0,1.0402,-7.4021,220,5,1.1,0.9
1157,1,42.284,2.2,0,0.56,0,1.0472,-16.175,220,5,1.1,0.9
1158,1,19.712,6.38,0,0.84,0,1.0311,-5.7496,220,5,1.1,0.9
1159,1,122.76,9.79,0,16.19,0,1.0683,-23.349,220,5,1.1,0.9
1160,1,55.616,8.91,0,8.02,0,1.0343,-8.6168,220,5,1.1,0.9
1161,1,0,0,0,5.97,0,1.043,-11.417,220,5,1.1,0.9
1162,1,261.69,75.35,0,5.12,0,1.0352,-19.298,220,5,1.1,0.9
1163,1,257.4,14.41,0,51.03,0,1.034,-20.056,220,5,1.1,0.9
1164,1,123.2,21.67,0,38.04,0,1.0361,-23.132,220,5,1.1,0.9
1165,1,-3.905,-1.573,0,11.834,0,1.0339,-2.1368,380,5,1.1,0.9
1166,1,0,0,0,0.27,0,1.0521,-3.73,220,5,1.1,0.9
1167,1,13.101,3.63,0,6.84,0,1.0158,-16.263,220,5,1.1,0.9
1168,2,0,0,0,0,0,1.0489,4.2237,380,5,1.1,0.9
1169,1,0,0,0,16.77,0,1.0277,-13.719,220,5,1.1,0.9
1170,1,0,0,0,122.13,0,1.0344,-4.452,380,5,1.1,0.9
1171,1,0,0,0,4.22,0,1.0236,-16.359,220,5,1.1,0.9
1172,2,0,0,0,0,0,1.0669,-11.24,220,5,1.1,0.9
1173,1,76.098,10.45,0,3.67,0,1.046,-8.6436,220,5,1.1,0.9
1174,1,0,0,0,9.54,0,1.0517,-13.395,220,5,1.1,0.9
1175,1,139.92,44.88,0,0.2,0,1.0709,-25.179,220,5,1.1,0.9
1176,1,74.998,17.71,0,3.35,0,1.0347,-23.363,220,5,1.1,0.9
1177,2,0,0,0,0,0,1.0674,-21.118,380,5,1.1,0.9
1178,1,96.69,32.23,0,1.21,0,1.0315,-3.5416,220,5,1.1,0.9
1179,1,0,0,0,8.1,0,1.0907,-9.6631,380,5,1.1,0.9
1180,1,0,0,0,14.23,0,1.0445,-25.577,220,5,1.1,0.9
1181,2,0,0,0,0,0,1.0526,-0.55961,220,5,1.1,0.9
1182,1,0,0,0,2.42,0,1.0615,-3.4731,220,5,1.1,0.9
1183,1,320.76,51.7,0,2.38,0,1.0754,-30.775,220,5,1.1,0.9
1184,1,0,0,0,9.54,0,1.0422,-18.144,220,5,1.1,0.9
1185,1,0,0,0,0.32,0,1.0488,-10.299,220,5,1.1,0.9
1186,1,0,0,0,11.38,0,1.0519,-15.264,220,5,1.1,0.9
1187,1,-111.11,-142.22,0,37.177,0,1.0238,-17.046,380,5,1.1,0.9
1188,1,0,0,0,39.58,0,1.0211,-6.1536,380,5,1.1,0.9
1189,1,91.729,18.15,0,16.43,0,1.0335,-20.136,220,5,1.1,0.9
1190,1,64.867,12.21,0,1.05,0,1.0426,-11.47,220,5,1.1,0.9
1191,2,0,0,0,0,0,1.0233,-10.439,380,5,1.1,0.9
1192,2,0,0,0,0,0,1.0715,-11.706,220,5,1.1,0.9
1193,1,215.71,35.31,0,3.86,0,1.0404,-25.999,220,5,1.1,0.9
1194,1,42.944,14.41,0,3.22,0,1.0219,-13.797,220,5,1.1,0.9
1195,1,44.484,22.55,0,0.85,0,1.0666,-23.86,220,5,1.1,0.9
1196,2,0,0,0,0,0,1.0433,-9.9306,380,5,1.1,0.9
1197,1,0,0,0,6.52,0,1.0434,-7.6974,220,5,1.1,0.9
1198,1,123.97,15.95,0,1.24,0,1.0482,-24.806,220,5,1.1,0.9
1199,1,15.642,6.93,0,0.38,0,1.0436,-11.857,220,5,1.1,0.9
1200,1,0,0,0,0.14,0,1.0511,-3.8829,220,5,1.1,0.9
1201,1,0,0,0,2.46,0,1.0494,-8.6382,220,5,1.1,0.9
1202,2,0,0,0,0,0,1.0355,-15.519,220,5,1.1,0.9
1203,2,0,0,0,0,0,1.0781,-12.22,380,5,1.1,0.9
1204,1,0,0,0,0.72,0,1.084,-26.487,220,5,1.1,0.9
1205,1,90.629,15.84,0,13.37,0,1.0413,-24.416,220,5,1.1,0.9
1206,1,0,0,0,0.05,0,1.0476,-12.932,220,5,1.1,0.9
1207,1,290.36,-108.5,0,27.849,0,1.0341,-14.749,380,5,1.1,0.9
1208,1,-2.299,-1.573,0,48.358,0,0.98849,-18.643,380,5,1.1,0.9
1209,1,139.19,32.01,0,12.55,0,1.0737,-26.423,220,5,1.1,0.9
1210,1,85.789,21.23,0,3.04,0,1.0348,-6.6997,220,5,1.1,0.9
1211,1,0,0,0,1.23,0,1.027,-9.1793,220,5,1.1,0.9
1212,1,237.93,-7.59,0,2.44,0,1.0715,-48.132,220,5,1.1,0.9
1213,1,0,0,0,4.05,0,1.0428,-25.348,220,5,1.1,0.9
1214,1,44.825,13.75,0,2.61,0,1.0365,-12.357,220,5,1.1,0.9
1215,1,0,0,0,14.38,0,1.0509,-25.139,220,5,1.1,0.9
1216,1,43.604,10.56,0,1.8,0,1.0428,-25.805,220,5,1.1,0.9
1217,1,418.88,69.08,0,7.11,0,0.99819,-23.461,220,5,1.1,0.9
1218,1,314.71,98.23,0,8.89,0,1.0181,-20.595,220,5,1.1,0.9
1219,2,0,0,0,0,0,1.0429,-9.4008,380,5,1.1,0.9
1220,1,0,0,0,1.97,0,1.0453,-4.4735,220,5,1.1,0.9
1221,1,237.82,82.83,0,2.74,0,0.98622,-22.981,220,5,1.1,0.9
1222,1,23.562,12.98,0,28.85,0,1.0052,-14.948,380,5,1.1,0.9
1223,2,0,0,0,0,0,1.0392,-8.8791,220,5,1.1,0.9
1224,1,0,0,0,8.35,0,1.0722,-47.842,220,5,1.1,0.9
1225,1,0,0,0,2.46,0,1.0683,-10.115,220,5,1.1,0.9
1226,1,0,0,0,3.01,0,1.048,-8.4901,220,5,1.1,0.9
1227,1,163.9,109.78,0,9.27,0,1.0397,-7.3691,220,5,1.1,0.9
1228,2,0,0,0,0,0,1.0475,-19.531,380,5,1.1,0.9
1229,1,48.895,8.448,0,17.83,0,1.0033,-3.8467,380,5,1.1,0.9
1230,1,259.57,37.972,0,7.15,0,1.0896,-9.8469,380,5,1.1,0.9
1231,1,42.724,15.62,0,3.5,0,1.0466,-14.554,220,5,1.1,0.9
1232,1,41.184,10.01,0,7.87,0,1.0744,-26.347,220,5,1.1,0.9
1233,1,102.96,-47.85,0,33.51,0,1.0411,-24.506,220,5,1.1,0.9
1234,2,0,0,0,0,0,1.0539,-12.378,220,5,1.1,0.9
1235,2,0,0,0,0,0,1.0197,-15.723,220,5,1.1,0.9
1236,1,79.948,26.73,0,3.12,0,1.0363,-21.926,220,5,1.1,0.9
1237,1,96.47,28.6,0,47.58,0,1.0449,-21.028,220,5,1.1,0.9
1238,1,5.511,1.98,0,0.77,0,1.0382,-11.644,220,5,1.1,0.9
1239,1,0,0,0,1.11,0,0.9845,-18.19,380,5,1.1,0.9
1240,2,0,0,0,0,0,1.0197,-19.557,220,5,1.1,0.9
1241,1,193.27,61.82,0,0.13,0,1.0279,-6.0418,220,5,1.1,0.9
1242,1,0,0,0,4.55,0,1.049,-21.932,220,5,1.1,0.9
1243,1,0,0,0,0.43,0,1.0519,-3.7641,220,5,1.1,0.9
1244,1,149.6,39.71,0,6.07,0,0.99463,-17.562,220,5,1.1,0.9
1245,1,0,0,0,4.26,0,1.0485,-26.396,220,5,1.1,0.9
1246,1,304.81,40.7,0,21.03,0,1.042,-23.599,220,5,1.1,0.9
1247,1,34.573,11.66,0,1.61,0,1.0413,-21.58,220,5,1.1,0.9
1248,1,178.74,49.621,0,5.38,0,1.0248,-17.314,220,5,1.1,0.9
1249,1,49.005,8.25,0,0.6,0,1.0365,-16.021,220,5,1.1,0.9
1250,1,6.061,1.43,0,0.09,0,1.032,-8.4369,220,5,1.1,0.9
1251,1,82.478,11.55,0,12.96,0,1.0509,-15.271,220,5,1.1,0.9
1252,2,0,0,0,0,0,1.0491,-6.5221,220,5,1.1,0.9
1253,1,0,0,0,28.515,0,1.0234,-20.935,380,5,1.1,0.9
1254,2,0,0,0,0,0,1.0188,-21.842,220,5,1.1,0.9
1255,1,0,0,0,2.29,0,1.0181,-10.227,220,5,1.1,0.9
1256,2,0,0,0,0,0,1.042,-24.274,220,5,1.1,0.9
1257,1,46.915,20.02,0,0,0,1.0362,-20.698,220,5,1.1,0.9
1258,1,335.54,84.876,0,17.43,0,1.047,-33.586,220,5,1.1,0.9
1259,1,198.77,78.98,0,2.46,0,1.0394,-7.9995,220,5,1.1,0.9
1260,1,112.09,26.73,0,8.53,0,1.0324,-11.708,220,5,1.1,0.9
1261,1,0,0,0,3.9,0,1.0409,-12.073,220,5,1.1,0.9
1262,2,0,0,0,0,0,1.0541,-15.865,380,5,1.1,0.9
1263,1,0,0,0,2.13,0,1.0722,-25.045,220,5,1.1,0.9
1264,1,72.897,21.23,0,12.94,0,1.038,-21.15,220,5,1.1,0.9
1265,1,12.771,8.36,0,6.21,0,1.0356,-34.477,220,5,1.1,0.9
1266,1,307.67,5.06,0,3.77,0,1.0671,-49.623,220,5,1.1,0.9
1267,1,-256.55,32.56,0,207.55,0,1.04,2.5993,380,5,1.1,0.9
1268,1,0,0,0,11.69,0,1.0512,-15.257,220,5,1.1,0.9
1269,1,25.113,8.8,0,3.71,0,1.067,-16.985,220,5,1.1,0.9
1270,1,158.18,51.095,0,3.26,0,1.0462,-5.9777,220,5,1.1,0.9
1271,1,0,0,0,0.36,0,1.058,-22.356,220,5,1.1,0.9
1272,2,0,0,0,0,0,1.0542,-0.13631,220,5,1.1,0.9
1273,1,24.222,4.84,0,4.83,0,1.0491,-9.4815,220,5,1.1,0.9
1274,2,0,0,0,0,0,1.0511,-3.8829,220,5,1.1,0.9
1275,1,223.96,21.791,0,15.46,0,1.0604,-25.818,220,5,1.1,0.9
1276,1,111.32,-3.19,0,0.51,0,1.03,-32.515,220,5,1.1,0.9
1277,2,0,0,0,0,0,1.0508,0.63604,220,5,1.1,0.9
1278,1,446.64,105.05,0,35.34,0,1.015,-2.776,380,5,1.1,0.9
1279,1,100.76,29.81,0,10.95,0,1.0446,-21.077,220,5,1.1,0.9
1280,1,0,0,0,1.52,0,1.0036,-22.536,220,5,1.1,0.9
1281,1,125.07,24.53,0,15.55,0,1.0367,-22.906,220,5,1.1,0.9
1282,1,229.57,69.3,0,3.45,0,1.0548,-11.165,220,5,1.1,0.9
1283,1,22.902,0,0,0.17,0,1.0702,7.8113,220,5,1.1,0.9
1284,1,451.33,100.76,0,13.25,0,1.0523,-36.519,220,5,1.1,0.9
1285,1,76.098,38.61,0,12.59,0,1.0278,-44.429,220,5,1.1,0.9
1286,1,62.876,21.67,0,22.17,0,1.0204,-10.191,220,5,1.1,0.9
1287,1,69.641,-10.78,0,5.36,0,1.0482,-31.671,220,5,1.1,0.9
1288,2,0,0,0,0,0,1.0538,-15.889,380,5,1.1,0.9
1289,1,0,0,0,1.87,0,1.0711,-27.284,220,5,1.1,0.9
1290,1,313.72,67.54,0,26.04,0,1.0461,-20.01,220,5,1.1,0.9
1291,1,0,0,0,1.03,0,1.0396,-20.646,220,5,1.1,0.9
1292,1,0,0,0,1.47,0,1.0369,-22.747,220,5,1.1,0.9
1293,1,0,0,0,-1.392,0,0.9837,-3.7852,380,5,1.1,0.9
1294,1,0,0,0,102.71,0,1.046,1.7298,380,5,1.1,0.9
1295,1,306.13,36.96,0,25.9,0,1.0513,-15.163,220,5,1.1,0.9
1296,1,3.41,1.76,0,0.09,0,1.0477,-23.704,220,5,1.1,0.9
1297,2,0,0,0,0,0,1.0203,-11.422,380,5,1.1,0.9
1298,1,100.1,23.1,0,11.23,0,1.036,-23.062,220,5,1.1,0.9
1299,1,0,0,0,1.13,0,1.0401,-20.555,220,5,1.1,0.9
1300,1,153.34,23.32,0,6.21,0,0.99166,-18.577,220,5,1.1,0.9
1301,1,-0.616,0,0,108.21,0,1.0904,-9.662,380,5,1.1,0.9
1302,1,4.07,0.22,0,0.05,0,1.04,-11.497,220,5,1.1,0.9
1303,2,0,0,0,0,0,1.0473,-14.839,220,5,1.1,0.9
1304,2,0,0,0,0,0,1.0355,-14.187,220,5,1.1,0.9
1305,1,0,0,0,11.04,0,1.0422,-24.276,220,5,1.1,0.9
1306,2,0,0,0,0,0,1.047,-17.074,220,5,1.1,0.9
1307,1,70.367,14.08,0,0.17,0,1.043,-11.072,220,5,1.1,0.9
1308,1,97.35,26.95,0,2.23,0,1.0434,-25.575,220,5,1.1,0.9
1309,1,0,0,0,14.64,0,1.0511,-3.7854,220,5,1.1,0.9
1310,2,0,0,0,0,0,0.99713,-13.271,380,5,1.1,0.9
1311,1,45.265,11.33,0,2.41,0,1.0444,-21.558,220,5,1.1,0.9
1312,1,130.92,13.794,0,23.45,0,1.021,-10.528,220,5,1.1,0.9
1313,1,97.24,27.72,0,12.9,0,1.0363,-23.026,220,5,1.1,0.9
1314,1,28.193,7.15,0,0.52,0,1.0488,1.0933,220,5,1.1,0.9
1315,1,77.858,21.56,0,8.1,0,1.0511,-6.6819,220,5,1.1,0.9
1316,1,61.006,18.59,0,1.92,0,1.0227,-6.6027,220,5,1.1,0.9
1317,1,100.54,19.91,0,4.89,0,1.0404,-24.677,220,5,1.1,0.9
1318,1,167.4,23.793,0,1.91,0,1.0354,-6.308,220,5,1.1,0.9
1319,1,84.568,18.04,0,6.61,0,1.0498,-26.382,220,5,1.1,0.9
1320,1,66.627,20.79,0,1.46,0,1.0399,-24.63,220,5,1.1,0.9
1321,1,0,0,0,2.15,0,1.0366,0.57724,220,5,1.1,0.9
1322,1,0,0,0,2,0,1.0725,-27.192,220,5,1.1,0.9
1323,1,0,0,0,0.59,0,1.04,2.4145,380,5,1.1,0.9
1324,1,25.586,3.311,0,9.29,0,1.02,-20.806,220,5,1.1,0.9
1325,2,0,0,0,0,0,1.0409,1.5492,220,5,1.1,0.9
1326,1,0,0,0,3.65,0,1.0386,-9.7674,220,5,1.1,0.9
1327,2,0,0,0,0,0,1.0289,-21.628,380,5,1.1,0.9
1328,2,0,0,0,0,0,1.0466,-16.441,220,5,1.1,0.9
1329,1,0,0,0,0.31,0,1.0366,0.57722,220,5,1.1,0.9
1330,1,0,0,0,19.71,0,1.0476,-12.932,220,5,1.1,0.9
1331,1,0,0,0,1.24,0,1.0429,-20.527,220,5,1.1,0.9
1332,1,55.616,9.57,0,0.19,0,1.0422,-2.6764,220,5,1.1,0.9
1333,1,270.06,10.087,0,24.25,0,1.05,-30.722,220,5,1.1,0.9
1334,1,0,0,0,6.62,0,1.0511,-24.097,220,5,1.1,0.9
1335,2,0,0,0,0,0,1.0498,-26.379,220,5,1.1,0.9
1336,2,0,0,0,0,0,1.0496,-5.233,220,5,1.1,0.9
1337,2,0,0,0,0,0,1.038,-13.201,380,5,1.1,0.9
1338,1,0,0,0,5.01,0,1.0238,-20.86,220,5,1.1,0.9
1339,1,60.456,10.362,0,5.92,0,1.0258,-14.565,220,5,1.1,0.9
1340,1,8.481,2.64,0,6.93,0,1.0019,-19.403,220,5,1.1,0.9
1341,1,72.677,17.16,0,5.57,0,1.0329,-20.202,220,5,1.1,0.9
1342,2,0,0,0,0,0,1.0362,-32.378,380,5,1.1,0.9
1343,1,0,0,0,1.28,0,1.0478,-12.935,220,5,1.1,0.9
1344,2,0,0,0,0,0,1.0612,-8.6035,220,5,1.1,0.9
1345,1,2.673,1.485,0,0.1,0,1.0325,-9.4661,220,5,1.1,0.9
1346,1,73.667,20.46,0,18.5,0,1.0518,-6.6234,220,5,1.1,0.9
1347,1,68.827,-67.1,0,55.14,0,1.048,-25.023,220,5,1.1,0.9
1348,1,0,0,0,2.34,0,1.0737,-24.809,220,5,1.1,0.9
1349,1,690.1,-80.443,0,27.185,0,1.0016,-12.606,380,5,1.1,0.9
1350,1,0,0,0,10.211,0,1.0237,-4.653,380,5,1.1,0.9
1351,1,0,0,0,6.33,0,1.0402,-8.8757,220,5,1.1,0.9
1352,1,-5.665,-2.244,0,154.45,0,1.0533,-16.073,380,5,1.1,0.9
1353,1,266.29,65.978,0,5.6,0,1.0298,-19.15,220,5,1.1,0.9
1354,1,0,0,0,0.36,0,1.0491,-9.4816,220,5,1.1,0.9
